library,sample,number_cells,Sortseq_bin,Titeseq_sample_concentration,Titeseq_sample,R1
lib1,200416_bin1,6600000,lib1_200416_bin1,NA,NA,/shared/ngs/illumina/tstarr/200427_D00300_0952_AHFCLCBCX3/Unaligned/Project_tstarr/Sample_200416_lib1_FITCbin1/200416_lib1_FITCbin1_TGGAACAA_L001_R1_001.fastq.gz; /fh/fast/bloom_j/SR/ngs/illumina/tstarr/200427_D00300_0952_AHFCLCBCX3/Unaligned/Project_tstarr/Sample_200416_lib1_FITCbin1/200416_lib1_FITCbin1_TGGAACAA_L001_R1_002.fastq.gz; /fh/fast/bloom_j/SR/ngs/illumina/tstarr/200427_D00300_0952_AHFCLCBCX3/Unaligned/Project_tstarr/Sample_200416_lib1_FITCbin1/200416_lib1_FITCbin1_TGGAACAA_L001_R1_003.fastq.gz; /fh/fast/bloom_j/SR/ngs/illumina/tstarr/200427_D00300_0952_AHFCLCBCX3/Unaligned/Project_tstarr/Sample_200416_lib1_FITCbin1/200416_lib1_FITCbin1_TGGAACAA_L001_R1_004.fastq.gz; /fh/fast/bloom_j/SR/ngs/illumina/tstarr/200427_D00300_0952_AHFCLCBCX3/Unaligned/Project_tstarr/Sample_200416_lib1_FITCbin1/200416_lib1_FITCbin1_TGGAACAA_L001_R1_005.fastq.gz; /fh/fast/bloom_j/SR/ngs/illumina/tstarr/200427_D00300_0952_AHFCLCBCX3/Unaligned/Project_tstarr/Sample_200416_lib1_FITCbin1/200416_lib1_FITCbin1_TGGAACAA_L002_R1_001.fastq.gz; /fh/fast/bloom_j/SR/ngs/illumina/tstarr/200427_D00300_0952_AHFCLCBCX3/Unaligned/Project_tstarr/Sample_200416_lib1_FITCbin1/200416_lib1_FITCbin1_TGGAACAA_L002_R1_002.fastq.gz; /fh/fast/bloom_j/SR/ngs/illumina/tstarr/200427_D00300_0952_AHFCLCBCX3/Unaligned/Project_tstarr/Sample_200416_lib1_FITCbin1/200416_lib1_FITCbin1_TGGAACAA_L002_R1_003.fastq.gz; /fh/fast/bloom_j/SR/ngs/illumina/tstarr/200427_D00300_0952_AHFCLCBCX3/Unaligned/Project_tstarr/Sample_200416_lib1_FITCbin1/200416_lib1_FITCbin1_TGGAACAA_L002_R1_004.fastq.gz; /fh/fast/bloom_j/SR/ngs/illumina/tstarr/200427_D00300_0952_AHFCLCBCX3/Unaligned/Project_tstarr/Sample_200416_lib1_FITCbin1/200416_lib1_FITCbin1_TGGAACAA_L002_R1_005.fastq.gz
lib1,200416_bin2,3060000,lib1_200416_bin2,NA,NA,/shared/ngs/illumina/tstarr/200427_D00300_0952_AHFCLCBCX3/Unaligned/Project_tstarr/Sample_200416_lib1_FITCbin2/200416_lib1_FITCbin2_TGGCTTCA_L001_R1_001.fastq.gz; /fh/fast/bloom_j/SR/ngs/illumina/tstarr/200427_D00300_0952_AHFCLCBCX3/Unaligned/Project_tstarr/Sample_200416_lib1_FITCbin2/200416_lib1_FITCbin2_TGGCTTCA_L001_R1_002.fastq.gz; /fh/fast/bloom_j/SR/ngs/illumina/tstarr/200427_D00300_0952_AHFCLCBCX3/Unaligned/Project_tstarr/Sample_200416_lib1_FITCbin2/200416_lib1_FITCbin2_TGGCTTCA_L002_R1_001.fastq.gz; /fh/fast/bloom_j/SR/ngs/illumina/tstarr/200427_D00300_0952_AHFCLCBCX3/Unaligned/Project_tstarr/Sample_200416_lib1_FITCbin2/200416_lib1_FITCbin2_TGGCTTCA_L002_R1_002.fastq.gz
lib1,200416_bin3,2511000,lib1_200416_bin3,NA,NA,/shared/ngs/illumina/tstarr/200427_D00300_0952_AHFCLCBCX3/Unaligned/Project_tstarr/Sample_200416_lib1_FITCbin3/200416_lib1_FITCbin3_TGGTGGTA_L001_R1_001.fastq.gz; /shared/ngs/illumina/tstarr/200427_D00300_0952_AHFCLCBCX3/Unaligned/Project_tstarr/Sample_200416_lib1_FITCbin3/200416_lib1_FITCbin3_TGGTGGTA_L001_R1_002.fastq.gz; /shared/ngs/illumina/tstarr/200427_D00300_0952_AHFCLCBCX3/Unaligned/Project_tstarr/Sample_200416_lib1_FITCbin3/200416_lib1_FITCbin3_TGGTGGTA_L002_R1_001.fastq.gz; /shared/ngs/illumina/tstarr/200427_D00300_0952_AHFCLCBCX3/Unaligned/Project_tstarr/Sample_200416_lib1_FITCbin3/200416_lib1_FITCbin3_TGGTGGTA_L002_R1_002.fastq.gz
lib1,200416_bin4,2992000,lib1_200416_bin4,NA,NA,/shared/ngs/illumina/tstarr/200427_D00300_0952_AHFCLCBCX3/Unaligned/Project_tstarr/Sample_200416_lib1_FITCbin4/200416_lib1_FITCbin4_TTCACGCA_L001_R1_001.fastq.gz; /shared/ngs/illumina/tstarr/200427_D00300_0952_AHFCLCBCX3/Unaligned/Project_tstarr/Sample_200416_lib1_FITCbin4/200416_lib1_FITCbin4_TTCACGCA_L001_R1_002.fastq.gz; /shared/ngs/illumina/tstarr/200427_D00300_0952_AHFCLCBCX3/Unaligned/Project_tstarr/Sample_200416_lib1_FITCbin4/200416_lib1_FITCbin4_TTCACGCA_L002_R1_001.fastq.gz; /shared/ngs/illumina/tstarr/200427_D00300_0952_AHFCLCBCX3/Unaligned/Project_tstarr/Sample_200416_lib1_FITCbin4/200416_lib1_FITCbin4_TTCACGCA_L002_R1_002.fastq.gz
lib2,200416_bin1,6420000,lib2_200416_bin1,NA,NA,/shared/ngs/illumina/tstarr/200427_D00300_0953_BHFCMKBCX3/Unaligned/Project_tstarr/Sample_200416_lib2_FITCbin1/200416_lib2_FITCbin1_TGGAACAA_L001_R1_001.fastq.gz; /shared/ngs/illumina/tstarr/200427_D00300_0953_BHFCMKBCX3/Unaligned/Project_tstarr/Sample_200416_lib2_FITCbin1/200416_lib2_FITCbin1_TGGAACAA_L001_R1_002.fastq.gz; /shared/ngs/illumina/tstarr/200427_D00300_0953_BHFCMKBCX3/Unaligned/Project_tstarr/Sample_200416_lib2_FITCbin1/200416_lib2_FITCbin1_TGGAACAA_L001_R1_003.fastq.gz; /shared/ngs/illumina/tstarr/200427_D00300_0953_BHFCMKBCX3/Unaligned/Project_tstarr/Sample_200416_lib2_FITCbin1/200416_lib2_FITCbin1_TGGAACAA_L001_R1_004.fastq.gz; /shared/ngs/illumina/tstarr/200427_D00300_0953_BHFCMKBCX3/Unaligned/Project_tstarr/Sample_200416_lib2_FITCbin1/200416_lib2_FITCbin1_TGGAACAA_L002_R1_001.fastq.gz; /shared/ngs/illumina/tstarr/200427_D00300_0953_BHFCMKBCX3/Unaligned/Project_tstarr/Sample_200416_lib2_FITCbin1/200416_lib2_FITCbin1_TGGAACAA_L002_R1_002.fastq.gz; /shared/ngs/illumina/tstarr/200427_D00300_0953_BHFCMKBCX3/Unaligned/Project_tstarr/Sample_200416_lib2_FITCbin1/200416_lib2_FITCbin1_TGGAACAA_L002_R1_003.fastq.gz; /shared/ngs/illumina/tstarr/200427_D00300_0953_BHFCMKBCX3/Unaligned/Project_tstarr/Sample_200416_lib2_FITCbin1/200416_lib2_FITCbin1_TGGAACAA_L002_R1_004.fastq.gz
lib2,200416_bin2,2808000,lib2_200416_bin2,NA,NA,/shared/ngs/illumina/tstarr/200427_D00300_0953_BHFCMKBCX3/Unaligned/Project_tstarr/Sample_200416_lib2_FITCbin2/200416_lib2_FITCbin2_TGGCTTCA_L001_R1_001.fastq.gz; /shared/ngs/illumina/tstarr/200427_D00300_0953_BHFCMKBCX3/Unaligned/Project_tstarr/Sample_200416_lib2_FITCbin2/200416_lib2_FITCbin2_TGGCTTCA_L001_R1_002.fastq.gz; /shared/ngs/illumina/tstarr/200427_D00300_0953_BHFCMKBCX3/Unaligned/Project_tstarr/Sample_200416_lib2_FITCbin2/200416_lib2_FITCbin2_TGGCTTCA_L002_R1_001.fastq.gz; /shared/ngs/illumina/tstarr/200427_D00300_0953_BHFCMKBCX3/Unaligned/Project_tstarr/Sample_200416_lib2_FITCbin2/200416_lib2_FITCbin2_TGGCTTCA_L002_R1_002.fastq.gz
lib2,200416_bin3,2574000,lib2_200416_bin3,NA,NA,/shared/ngs/illumina/tstarr/200427_D00300_0953_BHFCMKBCX3/Unaligned/Project_tstarr/Sample_200416_lib2_FITCbin3/200416_lib2_FITCbin3_TGGTGGTA_L001_R1_001.fastq.gz; /shared/ngs/illumina/tstarr/200427_D00300_0953_BHFCMKBCX3/Unaligned/Project_tstarr/Sample_200416_lib2_FITCbin3/200416_lib2_FITCbin3_TGGTGGTA_L001_R1_002.fastq.gz; /shared/ngs/illumina/tstarr/200427_D00300_0953_BHFCMKBCX3/Unaligned/Project_tstarr/Sample_200416_lib2_FITCbin3/200416_lib2_FITCbin3_TGGTGGTA_L002_R1_001.fastq.gz; /shared/ngs/illumina/tstarr/200427_D00300_0953_BHFCMKBCX3/Unaligned/Project_tstarr/Sample_200416_lib2_FITCbin3/200416_lib2_FITCbin3_TGGTGGTA_L002_R1_002.fastq.gz
lib2,200416_bin4,2530000,lib2_200416_bin4,NA,NA,/shared/ngs/illumina/tstarr/200427_D00300_0953_BHFCMKBCX3/Unaligned/Project_tstarr/Sample_200416_lib2_FITCbin4/200416_lib2_FITCbin4_TTCACGCA_L001_R1_001.fastq.gz; /shared/ngs/illumina/tstarr/200427_D00300_0953_BHFCMKBCX3/Unaligned/Project_tstarr/Sample_200416_lib2_FITCbin4/200416_lib2_FITCbin4_TTCACGCA_L001_R1_002.fastq.gz; /shared/ngs/illumina/tstarr/200427_D00300_0953_BHFCMKBCX3/Unaligned/Project_tstarr/Sample_200416_lib2_FITCbin4/200416_lib2_FITCbin4_TTCACGCA_L002_R1_001.fastq.gz; /shared/ngs/illumina/tstarr/200427_D00300_0953_BHFCMKBCX3/Unaligned/Project_tstarr/Sample_200416_lib2_FITCbin4/200416_lib2_FITCbin4_TTCACGCA_L002_R1_002.fastq.gz
lib1,200420_s01-b1,1098088,NA,1.00E-06,lib1_200420_s01,/shared/ngs/illumina/tstarr/200427_D00300_0952_AHFCLCBCX3/Unaligned/Project_tstarr/Sample_200420_s01-b1/200420_s01-b1_AACGTGAT_L001_R1_001.fastq.gz; /shared/ngs/illumina/tstarr/200427_D00300_0952_AHFCLCBCX3/Unaligned/Project_tstarr/Sample_200420_s01-b1/200420_s01-b1_AACGTGAT_L002_R1_001.fastq.gz
lib1,200420_s01-b2,393166,NA,1.00E-06,lib1_200420_s01,/shared/ngs/illumina/tstarr/200427_D00300_0952_AHFCLCBCX3/Unaligned/Project_tstarr/Sample_200420_s01-b2/200420_s01-b2_AAACATCG_L001_R1_001.fastq.gz; /shared/ngs/illumina/tstarr/200427_D00300_0952_AHFCLCBCX3/Unaligned/Project_tstarr/Sample_200420_s01-b2/200420_s01-b2_AAACATCG_L002_R1_001.fastq.gz
lib1,200420_s01-b3,718545,NA,1.00E-06,lib1_200420_s01,/shared/ngs/illumina/tstarr/200427_D00300_0952_AHFCLCBCX3/Unaligned/Project_tstarr/Sample_200420_s01-b3/200420_s01-b3_ATGCCTAA_L001_R1_001.fastq.gz; /shared/ngs/illumina/tstarr/200427_D00300_0952_AHFCLCBCX3/Unaligned/Project_tstarr/Sample_200420_s01-b3/200420_s01-b3_ATGCCTAA_L002_R1_001.fastq.gz
lib1,200420_s01-b4,3242062,NA,1.00E-06,lib1_200420_s01,/shared/ngs/illumina/tstarr/200427_D00300_0952_AHFCLCBCX3/Unaligned/Project_tstarr/Sample_200420_s01-b4/200420_s01-b4_AGTGGTCA_L001_R1_001.fastq.gz; /shared/ngs/illumina/tstarr/200427_D00300_0952_AHFCLCBCX3/Unaligned/Project_tstarr/Sample_200420_s01-b4/200420_s01-b4_AGTGGTCA_L001_R1_002.fastq.gz; /shared/ngs/illumina/tstarr/200427_D00300_0952_AHFCLCBCX3/Unaligned/Project_tstarr/Sample_200420_s01-b4/200420_s01-b4_AGTGGTCA_L002_R1_001.fastq.gz; /shared/ngs/illumina/tstarr/200427_D00300_0952_AHFCLCBCX3/Unaligned/Project_tstarr/Sample_200420_s01-b4/200420_s01-b4_AGTGGTCA_L002_R1_002.fastq.gz
lib1,200420_s02-b1,1155923,NA,3.16E-07,lib1_200420_s02,/shared/ngs/illumina/tstarr/200427_D00300_0952_AHFCLCBCX3/Unaligned/Project_tstarr/Sample_200420_s02-b1/200420_s02-b1_ACCACTGT_L001_R1_001.fastq.gz; /shared/ngs/illumina/tstarr/200427_D00300_0952_AHFCLCBCX3/Unaligned/Project_tstarr/Sample_200420_s02-b1/200420_s02-b1_ACCACTGT_L002_R1_001.fastq.gz
lib1,200420_s02-b2,428581,NA,3.16E-07,lib1_200420_s02,/shared/ngs/illumina/tstarr/200427_D00300_0952_AHFCLCBCX3/Unaligned/Project_tstarr/Sample_200420_s02-b2/200420_s02-b2_ACATTGGC_L001_R1_001.fastq.gz; /shared/ngs/illumina/tstarr/200427_D00300_0952_AHFCLCBCX3/Unaligned/Project_tstarr/Sample_200420_s02-b2/200420_s02-b2_ACATTGGC_L002_R1_001.fastq.gz
lib1,200420_s02-b3,757956,NA,3.16E-07,lib1_200420_s02,/shared/ngs/illumina/tstarr/200427_D00300_0952_AHFCLCBCX3/Unaligned/Project_tstarr/Sample_200420_s02-b3/200420_s02-b3_CAGATCTG_L001_R1_001.fastq.gz; /shared/ngs/illumina/tstarr/200427_D00300_0952_AHFCLCBCX3/Unaligned/Project_tstarr/Sample_200420_s02-b3/200420_s02-b3_CAGATCTG_L002_R1_001.fastq.gz
lib1,200420_s02-b4,3309826,NA,3.16E-07,lib1_200420_s02,/shared/ngs/illumina/tstarr/200427_D00300_0952_AHFCLCBCX3/Unaligned/Project_tstarr/Sample_200420_s02-b4/200420_s02-b4_CATCAAGT_L001_R1_001.fastq.gz; /shared/ngs/illumina/tstarr/200427_D00300_0952_AHFCLCBCX3/Unaligned/Project_tstarr/Sample_200420_s02-b4/200420_s02-b4_CATCAAGT_L001_R1_002.fastq.gz; /shared/ngs/illumina/tstarr/200427_D00300_0952_AHFCLCBCX3/Unaligned/Project_tstarr/Sample_200420_s02-b4/200420_s02-b4_CATCAAGT_L002_R1_001.fastq.gz; /shared/ngs/illumina/tstarr/200427_D00300_0952_AHFCLCBCX3/Unaligned/Project_tstarr/Sample_200420_s02-b4/200420_s02-b4_CATCAAGT_L002_R1_002.fastq.gz
lib1,200420_s03-b1,1263859,NA,1.00E-07,lib1_200420_s03,/shared/ngs/illumina/tstarr/200427_D00300_0952_AHFCLCBCX3/Unaligned/Project_tstarr/Sample_200420_s03-b1/200420_s03-b1_CGCTGATC_L001_R1_001.fastq.gz; /shared/ngs/illumina/tstarr/200427_D00300_0952_AHFCLCBCX3/Unaligned/Project_tstarr/Sample_200420_s03-b1/200420_s03-b1_CGCTGATC_L002_R1_001.fastq.gz
lib1,200420_s03-b2,395754,NA,1.00E-07,lib1_200420_s03,/shared/ngs/illumina/tstarr/200427_D00300_0952_AHFCLCBCX3/Unaligned/Project_tstarr/Sample_200420_s03-b2/200420_s03-b2_ACAAGCTA_L001_R1_001.fastq.gz; /shared/ngs/illumina/tstarr/200427_D00300_0952_AHFCLCBCX3/Unaligned/Project_tstarr/Sample_200420_s03-b2/200420_s03-b2_ACAAGCTA_L002_R1_001.fastq.gz
lib1,200420_s03-b3,792803,NA,1.00E-07,lib1_200420_s03,/shared/ngs/illumina/tstarr/200427_D00300_0952_AHFCLCBCX3/Unaligned/Project_tstarr/Sample_200420_s03-b3/200420_s03-b3_CTGTAGCC_L001_R1_001.fastq.gz; /shared/ngs/illumina/tstarr/200427_D00300_0952_AHFCLCBCX3/Unaligned/Project_tstarr/Sample_200420_s03-b3/200420_s03-b3_CTGTAGCC_L002_R1_001.fastq.gz
lib1,200420_s03-b4,3088611,NA,1.00E-07,lib1_200420_s03,/shared/ngs/illumina/tstarr/200427_D00300_0952_AHFCLCBCX3/Unaligned/Project_tstarr/Sample_200420_s03-b4/200420_s03-b4_AGTACAAG_L001_R1_001.fastq.gz; /shared/ngs/illumina/tstarr/200427_D00300_0952_AHFCLCBCX3/Unaligned/Project_tstarr/Sample_200420_s03-b4/200420_s03-b4_AGTACAAG_L001_R1_002.fastq.gz; /shared/ngs/illumina/tstarr/200427_D00300_0952_AHFCLCBCX3/Unaligned/Project_tstarr/Sample_200420_s03-b4/200420_s03-b4_AGTACAAG_L002_R1_001.fastq.gz; /shared/ngs/illumina/tstarr/200427_D00300_0952_AHFCLCBCX3/Unaligned/Project_tstarr/Sample_200420_s03-b4/200420_s03-b4_AGTACAAG_L002_R1_002.fastq.gz
lib1,200420_s04-b1,1313645,NA,3.16E-08,lib1_200420_s04,/shared/ngs/illumina/tstarr/200427_D00300_0952_AHFCLCBCX3/Unaligned/Project_tstarr/Sample_200420_s04-b1/200420_s04-b1_AACAACCA_L001_R1_001.fastq.gz; /shared/ngs/illumina/tstarr/200427_D00300_0952_AHFCLCBCX3/Unaligned/Project_tstarr/Sample_200420_s04-b1/200420_s04-b1_AACAACCA_L002_R1_001.fastq.gz
lib1,200420_s04-b2,491501,NA,3.16E-08,lib1_200420_s04,/shared/ngs/illumina/tstarr/200427_D00300_0952_AHFCLCBCX3/Unaligned/Project_tstarr/Sample_200420_s04-b2/200420_s04-b2_AACCGAGA_L001_R1_001.fastq.gz; /shared/ngs/illumina/tstarr/200427_D00300_0952_AHFCLCBCX3/Unaligned/Project_tstarr/Sample_200420_s04-b2/200420_s04-b2_AACCGAGA_L002_R1_001.fastq.gz
lib1,200420_s04-b3,915779,NA,3.16E-08,lib1_200420_s04,/shared/ngs/illumina/tstarr/200427_D00300_0952_AHFCLCBCX3/Unaligned/Project_tstarr/Sample_200420_s04-b3/200420_s04-b3_AACGCTTA_L001_R1_001.fastq.gz; /shared/ngs/illumina/tstarr/200427_D00300_0952_AHFCLCBCX3/Unaligned/Project_tstarr/Sample_200420_s04-b3/200420_s04-b3_AACGCTTA_L002_R1_001.fastq.gz
lib1,200420_s04-b4,3016617,NA,3.16E-08,lib1_200420_s04,/shared/ngs/illumina/tstarr/200427_D00300_0952_AHFCLCBCX3/Unaligned/Project_tstarr/Sample_200420_s04-b4/200420_s04-b4_AAGACGGA_L001_R1_001.fastq.gz; /shared/ngs/illumina/tstarr/200427_D00300_0952_AHFCLCBCX3/Unaligned/Project_tstarr/Sample_200420_s04-b4/200420_s04-b4_AAGACGGA_L001_R1_002.fastq.gz; /shared/ngs/illumina/tstarr/200427_D00300_0952_AHFCLCBCX3/Unaligned/Project_tstarr/Sample_200420_s04-b4/200420_s04-b4_AAGACGGA_L002_R1_001.fastq.gz; /shared/ngs/illumina/tstarr/200427_D00300_0952_AHFCLCBCX3/Unaligned/Project_tstarr/Sample_200420_s04-b4/200420_s04-b4_AAGACGGA_L002_R1_002.fastq.gz
lib1,200420_s05-b1,1453744,NA,1.00E-08,lib1_200420_s05,/shared/ngs/illumina/tstarr/200427_D00300_0952_AHFCLCBCX3/Unaligned/Project_tstarr/Sample_200420_s05-b1/200420_s05-b1_AAGGTACA_L001_R1_001.fastq.gz; /shared/ngs/illumina/tstarr/200427_D00300_0952_AHFCLCBCX3/Unaligned/Project_tstarr/Sample_200420_s05-b1/200420_s05-b1_AAGGTACA_L002_R1_001.fastq.gz
lib1,200420_s05-b2,339887,NA,1.00E-08,lib1_200420_s05,/shared/ngs/illumina/tstarr/200427_D00300_0952_AHFCLCBCX3/Unaligned/Project_tstarr/Sample_200420_s05-b2/200420_s05-b2_ACACAGAA_L001_R1_001.fastq.gz; /shared/ngs/illumina/tstarr/200427_D00300_0952_AHFCLCBCX3/Unaligned/Project_tstarr/Sample_200420_s05-b2/200420_s05-b2_ACACAGAA_L002_R1_001.fastq.gz
lib1,200420_s05-b3,774823,NA,1.00E-08,lib1_200420_s05,/shared/ngs/illumina/tstarr/200427_D00300_0952_AHFCLCBCX3/Unaligned/Project_tstarr/Sample_200420_s05-b3/200420_s05-b3_ACAGCAGA_L001_R1_001.fastq.gz; /shared/ngs/illumina/tstarr/200427_D00300_0952_AHFCLCBCX3/Unaligned/Project_tstarr/Sample_200420_s05-b3/200420_s05-b3_ACAGCAGA_L002_R1_001.fastq.gz
lib1,200420_s05-b4,3016775,NA,1.00E-08,lib1_200420_s05,/shared/ngs/illumina/tstarr/200427_D00300_0952_AHFCLCBCX3/Unaligned/Project_tstarr/Sample_200420_s05-b4/200420_s05-b4_ACCTCCAA_L001_R1_001.fastq.gz; /shared/ngs/illumina/tstarr/200427_D00300_0952_AHFCLCBCX3/Unaligned/Project_tstarr/Sample_200420_s05-b4/200420_s05-b4_ACCTCCAA_L001_R1_002.fastq.gz; /shared/ngs/illumina/tstarr/200427_D00300_0952_AHFCLCBCX3/Unaligned/Project_tstarr/Sample_200420_s05-b4/200420_s05-b4_ACCTCCAA_L002_R1_001.fastq.gz; /shared/ngs/illumina/tstarr/200427_D00300_0952_AHFCLCBCX3/Unaligned/Project_tstarr/Sample_200420_s05-b4/200420_s05-b4_ACCTCCAA_L002_R1_002.fastq.gz
lib1,200420_s06-b1,1748302,NA,3.16E-09,lib1_200420_s06,/shared/ngs/illumina/tstarr/200427_D00300_0952_AHFCLCBCX3/Unaligned/Project_tstarr/Sample_200420_s06-b1/200420_s06-b1_ACGCTCGA_L001_R1_001.fastq.gz; /shared/ngs/illumina/tstarr/200427_D00300_0952_AHFCLCBCX3/Unaligned/Project_tstarr/Sample_200420_s06-b1/200420_s06-b1_ACGCTCGA_L002_R1_001.fastq.gz
lib1,200420_s06-b2,470059,NA,3.16E-09,lib1_200420_s06,/shared/ngs/illumina/tstarr/200427_D00300_0952_AHFCLCBCX3/Unaligned/Project_tstarr/Sample_200420_s06-b2/200420_s06-b2_ACGTATCA_L001_R1_001.fastq.gz; /shared/ngs/illumina/tstarr/200427_D00300_0952_AHFCLCBCX3/Unaligned/Project_tstarr/Sample_200420_s06-b2/200420_s06-b2_ACGTATCA_L002_R1_001.fastq.gz
lib1,200420_s06-b3,914665,NA,3.16E-09,lib1_200420_s06,/shared/ngs/illumina/tstarr/200427_D00300_0952_AHFCLCBCX3/Unaligned/Project_tstarr/Sample_200420_s06-b3/200420_s06-b3_ACTATGCA_L001_R1_001.fastq.gz; /shared/ngs/illumina/tstarr/200427_D00300_0952_AHFCLCBCX3/Unaligned/Project_tstarr/Sample_200420_s06-b3/200420_s06-b3_ACTATGCA_L002_R1_001.fastq.gz
lib1,200420_s06-b4,2818049,NA,3.16E-09,lib1_200420_s06,/shared/ngs/illumina/tstarr/200427_D00300_0952_AHFCLCBCX3/Unaligned/Project_tstarr/Sample_200420_s06-b4/200420_s06-b4_AGAGTCAA_L001_R1_001.fastq.gz; /shared/ngs/illumina/tstarr/200427_D00300_0952_AHFCLCBCX3/Unaligned/Project_tstarr/Sample_200420_s06-b4/200420_s06-b4_AGAGTCAA_L001_R1_002.fastq.gz; /shared/ngs/illumina/tstarr/200427_D00300_0952_AHFCLCBCX3/Unaligned/Project_tstarr/Sample_200420_s06-b4/200420_s06-b4_AGAGTCAA_L002_R1_001.fastq.gz; /shared/ngs/illumina/tstarr/200427_D00300_0952_AHFCLCBCX3/Unaligned/Project_tstarr/Sample_200420_s06-b4/200420_s06-b4_AGAGTCAA_L002_R1_002.fastq.gz
lib1,200420_s07-b1,1979689,NA,1.00E-09,lib1_200420_s07,/shared/ngs/illumina/tstarr/200427_D00300_0952_AHFCLCBCX3/Unaligned/Project_tstarr/Sample_200420_s07-b1/200420_s07-b1_AGATCGCA_L001_R1_001.fastq.gz; /shared/ngs/illumina/tstarr/200427_D00300_0952_AHFCLCBCX3/Unaligned/Project_tstarr/Sample_200420_s07-b1/200420_s07-b1_AGATCGCA_L002_R1_001.fastq.gz
lib1,200420_s07-b2,537885,NA,1.00E-09,lib1_200420_s07,/shared/ngs/illumina/tstarr/200427_D00300_0952_AHFCLCBCX3/Unaligned/Project_tstarr/Sample_200420_s07-b2/200420_s07-b2_AGCAGGAA_L001_R1_001.fastq.gz; /shared/ngs/illumina/tstarr/200427_D00300_0952_AHFCLCBCX3/Unaligned/Project_tstarr/Sample_200420_s07-b2/200420_s07-b2_AGCAGGAA_L002_R1_001.fastq.gz
lib1,200420_s07-b3,890081,NA,1.00E-09,lib1_200420_s07,/shared/ngs/illumina/tstarr/200427_D00300_0952_AHFCLCBCX3/Unaligned/Project_tstarr/Sample_200420_s07-b3/200420_s07-b3_AGTCACTA_L001_R1_001.fastq.gz; /shared/ngs/illumina/tstarr/200427_D00300_0952_AHFCLCBCX3/Unaligned/Project_tstarr/Sample_200420_s07-b3/200420_s07-b3_AGTCACTA_L002_R1_001.fastq.gz
lib1,200420_s07-b4,2516765,NA,1.00E-09,lib1_200420_s07,/shared/ngs/illumina/tstarr/200427_D00300_0952_AHFCLCBCX3/Unaligned/Project_tstarr/Sample_200420_s07-b4/200420_s07-b4_ATCCTGTA_L001_R1_001.fastq.gz; /shared/ngs/illumina/tstarr/200427_D00300_0952_AHFCLCBCX3/Unaligned/Project_tstarr/Sample_200420_s07-b4/200420_s07-b4_ATCCTGTA_L002_R1_001.fastq.gz
lib1,200420_s08-b1,2169439,NA,3.16E-10,lib1_200420_s08,/shared/ngs/illumina/tstarr/200427_D00300_0952_AHFCLCBCX3/Unaligned/Project_tstarr/Sample_200420_s08-b1/200420_s08-b1_ATTGAGGA_L001_R1_001.fastq.gz; /shared/ngs/illumina/tstarr/200427_D00300_0952_AHFCLCBCX3/Unaligned/Project_tstarr/Sample_200420_s08-b1/200420_s08-b1_ATTGAGGA_L002_R1_001.fastq.gz
lib1,200420_s08-b2,683426,NA,3.16E-10,lib1_200420_s08,/shared/ngs/illumina/tstarr/200427_D00300_0952_AHFCLCBCX3/Unaligned/Project_tstarr/Sample_200420_s08-b2/200420_s08-b2_CAACCACA_L001_R1_001.fastq.gz; /shared/ngs/illumina/tstarr/200427_D00300_0952_AHFCLCBCX3/Unaligned/Project_tstarr/Sample_200420_s08-b2/200420_s08-b2_CAACCACA_L002_R1_001.fastq.gz
lib1,200420_s08-b3,939831,NA,3.16E-10,lib1_200420_s08,/shared/ngs/illumina/tstarr/200427_D00300_0952_AHFCLCBCX3/Unaligned/Project_tstarr/Sample_200420_s08-b3/200420_s08-b3_GACTAGTA_L001_R1_001.fastq.gz; /shared/ngs/illumina/tstarr/200427_D00300_0952_AHFCLCBCX3/Unaligned/Project_tstarr/Sample_200420_s08-b3/200420_s08-b3_GACTAGTA_L002_R1_001.fastq.gz
lib1,200420_s08-b4,1933943,NA,3.16E-10,lib1_200420_s08,/shared/ngs/illumina/tstarr/200427_D00300_0952_AHFCLCBCX3/Unaligned/Project_tstarr/Sample_200420_s08-b4/200420_s08-b4_CAATGGAA_L001_R1_001.fastq.gz; /shared/ngs/illumina/tstarr/200427_D00300_0952_AHFCLCBCX3/Unaligned/Project_tstarr/Sample_200420_s08-b4/200420_s08-b4_CAATGGAA_L002_R1_001.fastq.gz
lib1,200420_s09-b1,2562240,NA,1.00E-10,lib1_200420_s09,/shared/ngs/illumina/tstarr/200427_D00300_0952_AHFCLCBCX3/Unaligned/Project_tstarr/Sample_200420_s09-b1/200420_s09-b1_CACTTCGA_L001_R1_001.fastq.gz; /shared/ngs/illumina/tstarr/200427_D00300_0952_AHFCLCBCX3/Unaligned/Project_tstarr/Sample_200420_s09-b1/200420_s09-b1_CACTTCGA_L001_R1_002.fastq.gz; /shared/ngs/illumina/tstarr/200427_D00300_0952_AHFCLCBCX3/Unaligned/Project_tstarr/Sample_200420_s09-b1/200420_s09-b1_CACTTCGA_L002_R1_001.fastq.gz; /shared/ngs/illumina/tstarr/200427_D00300_0952_AHFCLCBCX3/Unaligned/Project_tstarr/Sample_200420_s09-b1/200420_s09-b1_CACTTCGA_L002_R1_002.fastq.gz
lib1,200420_s09-b2,804434,NA,1.00E-10,lib1_200420_s09,/shared/ngs/illumina/tstarr/200427_D00300_0952_AHFCLCBCX3/Unaligned/Project_tstarr/Sample_200420_s09-b2/200420_s09-b2_CAGCGTTA_L001_R1_001.fastq.gz; /shared/ngs/illumina/tstarr/200427_D00300_0952_AHFCLCBCX3/Unaligned/Project_tstarr/Sample_200420_s09-b2/200420_s09-b2_CAGCGTTA_L002_R1_001.fastq.gz
lib1,200420_s09-b3,1241187,NA,1.00E-10,lib1_200420_s09,/shared/ngs/illumina/tstarr/200427_D00300_0952_AHFCLCBCX3/Unaligned/Project_tstarr/Sample_200420_s09-b3/200420_s09-b3_CATACCAA_L001_R1_001.fastq.gz; /shared/ngs/illumina/tstarr/200427_D00300_0952_AHFCLCBCX3/Unaligned/Project_tstarr/Sample_200420_s09-b3/200420_s09-b3_CATACCAA_L002_R1_001.fastq.gz
lib1,200420_s09-b4,770944,NA,1.00E-10,lib1_200420_s09,/shared/ngs/illumina/tstarr/200427_D00300_0952_AHFCLCBCX3/Unaligned/Project_tstarr/Sample_200420_s09-b4/200420_s09-b4_CCAGTTCA_L001_R1_001.fastq.gz; /shared/ngs/illumina/tstarr/200427_D00300_0952_AHFCLCBCX3/Unaligned/Project_tstarr/Sample_200420_s09-b4/200420_s09-b4_CCAGTTCA_L002_R1_001.fastq.gz
lib1,200420_s10-b1,3083369,NA,3.16E-11,lib1_200420_s10,/shared/ngs/illumina/tstarr/200427_D00300_0952_AHFCLCBCX3/Unaligned/Project_tstarr/Sample_200420_s10-b1/200420_s10-b1_CCGAAGTA_L001_R1_001.fastq.gz; /shared/ngs/illumina/tstarr/200427_D00300_0952_AHFCLCBCX3/Unaligned/Project_tstarr/Sample_200420_s10-b1/200420_s10-b1_CCGAAGTA_L001_R1_002.fastq.gz; /shared/ngs/illumina/tstarr/200427_D00300_0952_AHFCLCBCX3/Unaligned/Project_tstarr/Sample_200420_s10-b1/200420_s10-b1_CCGAAGTA_L002_R1_001.fastq.gz; /shared/ngs/illumina/tstarr/200427_D00300_0952_AHFCLCBCX3/Unaligned/Project_tstarr/Sample_200420_s10-b1/200420_s10-b1_CCGAAGTA_L002_R1_002.fastq.gz
lib1,200420_s10-b2,1231009,NA,3.16E-11,lib1_200420_s10,/shared/ngs/illumina/tstarr/200427_D00300_0952_AHFCLCBCX3/Unaligned/Project_tstarr/Sample_200420_s10-b2/200420_s10-b2_CCGTGAGA_L001_R1_001.fastq.gz; /shared/ngs/illumina/tstarr/200427_D00300_0952_AHFCLCBCX3/Unaligned/Project_tstarr/Sample_200420_s10-b2/200420_s10-b2_CCGTGAGA_L002_R1_001.fastq.gz
lib1,200420_s10-b3,1249638,NA,3.16E-11,lib1_200420_s10,/shared/ngs/illumina/tstarr/200427_D00300_0952_AHFCLCBCX3/Unaligned/Project_tstarr/Sample_200420_s10-b3/200420_s10-b3_CCTCCTGA_L001_R1_001.fastq.gz; /shared/ngs/illumina/tstarr/200427_D00300_0952_AHFCLCBCX3/Unaligned/Project_tstarr/Sample_200420_s10-b3/200420_s10-b3_CCTCCTGA_L002_R1_001.fastq.gz
lib1,200420_s10-b4,14989,NA,3.16E-11,lib1_200420_s10,/shared/ngs/illumina/tstarr/200427_D00300_0952_AHFCLCBCX3/Unaligned/Project_tstarr/Sample_200420_s10-b4/200420_s10-b4_CGAACTTA_L001_R1_001.fastq.gz; /shared/ngs/illumina/tstarr/200427_D00300_0952_AHFCLCBCX3/Unaligned/Project_tstarr/Sample_200420_s10-b4/200420_s10-b4_CGAACTTA_L002_R1_001.fastq.gz
lib1,200420_s11-b1,3515078,NA,1.00E-11,lib1_200420_s11,/shared/ngs/illumina/tstarr/200427_D00300_0952_AHFCLCBCX3/Unaligned/Project_tstarr/Sample_200420_s11-b1/200420_s11-b1_CGACTGGA_L001_R1_001.fastq.gz; /shared/ngs/illumina/tstarr/200427_D00300_0952_AHFCLCBCX3/Unaligned/Project_tstarr/Sample_200420_s11-b1/200420_s11-b1_CGACTGGA_L001_R1_002.fastq.gz; /shared/ngs/illumina/tstarr/200427_D00300_0952_AHFCLCBCX3/Unaligned/Project_tstarr/Sample_200420_s11-b1/200420_s11-b1_CGACTGGA_L001_R1_003.fastq.gz; /shared/ngs/illumina/tstarr/200427_D00300_0952_AHFCLCBCX3/Unaligned/Project_tstarr/Sample_200420_s11-b1/200420_s11-b1_CGACTGGA_L002_R1_001.fastq.gz; /shared/ngs/illumina/tstarr/200427_D00300_0952_AHFCLCBCX3/Unaligned/Project_tstarr/Sample_200420_s11-b1/200420_s11-b1_CGACTGGA_L002_R1_002.fastq.gz; /shared/ngs/illumina/tstarr/200427_D00300_0952_AHFCLCBCX3/Unaligned/Project_tstarr/Sample_200420_s11-b1/200420_s11-b1_CGACTGGA_L002_R1_003.fastq.gz
lib1,200420_s11-b2,1774663,NA,1.00E-11,lib1_200420_s11,/shared/ngs/illumina/tstarr/200427_D00300_0952_AHFCLCBCX3/Unaligned/Project_tstarr/Sample_200420_s11-b2/200420_s11-b2_CGCATACA_L001_R1_001.fastq.gz; /shared/ngs/illumina/tstarr/200427_D00300_0952_AHFCLCBCX3/Unaligned/Project_tstarr/Sample_200420_s11-b2/200420_s11-b2_CGCATACA_L002_R1_001.fastq.gz
lib1,200420_s11-b3,137284,NA,1.00E-11,lib1_200420_s11,/shared/ngs/illumina/tstarr/200427_D00300_0952_AHFCLCBCX3/Unaligned/Project_tstarr/Sample_200420_s11-b3/200420_s11-b3_CTCAATGA_L001_R1_001.fastq.gz; /shared/ngs/illumina/tstarr/200427_D00300_0952_AHFCLCBCX3/Unaligned/Project_tstarr/Sample_200420_s11-b3/200420_s11-b3_CTCAATGA_L002_R1_001.fastq.gz
lib1,200420_s11-b4,1315,NA,1.00E-11,lib1_200420_s11,/shared/ngs/illumina/tstarr/200427_D00300_0952_AHFCLCBCX3/Unaligned/Project_tstarr/Sample_200420_s11-b4/200420_s11-b4_CTGAGCCA_L001_R1_001.fastq.gz; /shared/ngs/illumina/tstarr/200427_D00300_0952_AHFCLCBCX3/Unaligned/Project_tstarr/Sample_200420_s11-b4/200420_s11-b4_CTGAGCCA_L002_R1_001.fastq.gz
lib1,200420_s12-b1,4359593,NA,3.16E-12,lib1_200420_s12,/shared/ngs/illumina/tstarr/200427_D00300_0952_AHFCLCBCX3/Unaligned/Project_tstarr/Sample_200420_s12-b1/200420_s12-b1_CTGGCATA_L001_R1_001.fastq.gz; /shared/ngs/illumina/tstarr/200427_D00300_0952_AHFCLCBCX3/Unaligned/Project_tstarr/Sample_200420_s12-b1/200420_s12-b1_CTGGCATA_L001_R1_002.fastq.gz; /shared/ngs/illumina/tstarr/200427_D00300_0952_AHFCLCBCX3/Unaligned/Project_tstarr/Sample_200420_s12-b1/200420_s12-b1_CTGGCATA_L001_R1_003.fastq.gz; /shared/ngs/illumina/tstarr/200427_D00300_0952_AHFCLCBCX3/Unaligned/Project_tstarr/Sample_200420_s12-b1/200420_s12-b1_CTGGCATA_L002_R1_001.fastq.gz; /shared/ngs/illumina/tstarr/200427_D00300_0952_AHFCLCBCX3/Unaligned/Project_tstarr/Sample_200420_s12-b1/200420_s12-b1_CTGGCATA_L002_R1_002.fastq.gz; /shared/ngs/illumina/tstarr/200427_D00300_0952_AHFCLCBCX3/Unaligned/Project_tstarr/Sample_200420_s12-b1/200420_s12-b1_CTGGCATA_L002_R1_003.fastq.gz
lib1,200420_s12-b2,1025749,NA,3.16E-12,lib1_200420_s12,/shared/ngs/illumina/tstarr/200427_D00300_0952_AHFCLCBCX3/Unaligned/Project_tstarr/Sample_200420_s12-b2/200420_s12-b2_GAATCTGA_L001_R1_001.fastq.gz; /shared/ngs/illumina/tstarr/200427_D00300_0952_AHFCLCBCX3/Unaligned/Project_tstarr/Sample_200420_s12-b2/200420_s12-b2_GAATCTGA_L002_R1_001.fastq.gz
lib1,200420_s12-b3,4733,NA,3.16E-12,lib1_200420_s12,/shared/ngs/illumina/tstarr/200427_D00300_0952_AHFCLCBCX3/Unaligned/Project_tstarr/Sample_200420_s12-b3/200420_s12-b3_CAAGACTA_L001_R1_001.fastq.gz; /shared/ngs/illumina/tstarr/200427_D00300_0952_AHFCLCBCX3/Unaligned/Project_tstarr/Sample_200420_s12-b3/200420_s12-b3_CAAGACTA_L002_R1_001.fastq.gz
lib1,200420_s12-b4,1471,NA,3.16E-12,lib1_200420_s12,/shared/ngs/illumina/tstarr/200427_D00300_0952_AHFCLCBCX3/Unaligned/Project_tstarr/Sample_200420_s12-b4/200420_s12-b4_GAGCTGAA_L001_R1_001.fastq.gz; /shared/ngs/illumina/tstarr/200427_D00300_0952_AHFCLCBCX3/Unaligned/Project_tstarr/Sample_200420_s12-b4/200420_s12-b4_GAGCTGAA_L002_R1_001.fastq.gz
lib1,200420_s13-b1,4896651,NA,1.00E-12,lib1_200420_s13,/shared/ngs/illumina/tstarr/200427_D00300_0952_AHFCLCBCX3/Unaligned/Project_tstarr/Sample_200420_s13-b1/200420_s13-b1_GATAGACA_L001_R1_001.fastq.gz; /shared/ngs/illumina/tstarr/200427_D00300_0952_AHFCLCBCX3/Unaligned/Project_tstarr/Sample_200420_s13-b1/200420_s13-b1_GATAGACA_L001_R1_002.fastq.gz; /shared/ngs/illumina/tstarr/200427_D00300_0952_AHFCLCBCX3/Unaligned/Project_tstarr/Sample_200420_s13-b1/200420_s13-b1_GATAGACA_L001_R1_003.fastq.gz; /shared/ngs/illumina/tstarr/200427_D00300_0952_AHFCLCBCX3/Unaligned/Project_tstarr/Sample_200420_s13-b1/200420_s13-b1_GATAGACA_L002_R1_001.fastq.gz; /shared/ngs/illumina/tstarr/200427_D00300_0952_AHFCLCBCX3/Unaligned/Project_tstarr/Sample_200420_s13-b1/200420_s13-b1_GATAGACA_L002_R1_002.fastq.gz; /shared/ngs/illumina/tstarr/200427_D00300_0952_AHFCLCBCX3/Unaligned/Project_tstarr/Sample_200420_s13-b1/200420_s13-b1_GATAGACA_L002_R1_003.fastq.gz
lib1,200420_s13-b2,346010,NA,1.00E-12,lib1_200420_s13,/shared/ngs/illumina/tstarr/200427_D00300_0952_AHFCLCBCX3/Unaligned/Project_tstarr/Sample_200420_s13-b2/200420_s13-b2_GCCACATA_L001_R1_001.fastq.gz; /shared/ngs/illumina/tstarr/200427_D00300_0952_AHFCLCBCX3/Unaligned/Project_tstarr/Sample_200420_s13-b2/200420_s13-b2_GCCACATA_L002_R1_001.fastq.gz
lib1,200420_s13-b3,3460,NA,1.00E-12,lib1_200420_s13,/shared/ngs/illumina/tstarr/200427_D00300_0952_AHFCLCBCX3/Unaligned/Project_tstarr/Sample_200420_s13-b3/200420_s13-b3_GCGAGTAA_L001_R1_001.fastq.gz; /shared/ngs/illumina/tstarr/200427_D00300_0952_AHFCLCBCX3/Unaligned/Project_tstarr/Sample_200420_s13-b3/200420_s13-b3_GCGAGTAA_L002_R1_001.fastq.gz
lib1,200420_s13-b4,1340,NA,1.00E-12,lib1_200420_s13,/shared/ngs/illumina/tstarr/200427_D00300_0952_AHFCLCBCX3/Unaligned/Project_tstarr/Sample_200420_s13-b4/200420_s13-b4_GCTAACGA_L001_R1_001.fastq.gz; /shared/ngs/illumina/tstarr/200427_D00300_0952_AHFCLCBCX3/Unaligned/Project_tstarr/Sample_200420_s13-b4/200420_s13-b4_GCTAACGA_L002_R1_001.fastq.gz
lib1,200420_s14-b1,5115094,NA,3.16E-13,lib1_200420_s14,/shared/ngs/illumina/tstarr/200427_D00300_0952_AHFCLCBCX3/Unaligned/Project_tstarr/Sample_200420_s14-b1/200420_s14-b1_GCTCGGTA_L001_R1_001.fastq.gz; /shared/ngs/illumina/tstarr/200427_D00300_0952_AHFCLCBCX3/Unaligned/Project_tstarr/Sample_200420_s14-b1/200420_s14-b1_GCTCGGTA_L001_R1_002.fastq.gz; /shared/ngs/illumina/tstarr/200427_D00300_0952_AHFCLCBCX3/Unaligned/Project_tstarr/Sample_200420_s14-b1/200420_s14-b1_GCTCGGTA_L001_R1_003.fastq.gz; /shared/ngs/illumina/tstarr/200427_D00300_0952_AHFCLCBCX3/Unaligned/Project_tstarr/Sample_200420_s14-b1/200420_s14-b1_GCTCGGTA_L002_R1_001.fastq.gz; /shared/ngs/illumina/tstarr/200427_D00300_0952_AHFCLCBCX3/Unaligned/Project_tstarr/Sample_200420_s14-b1/200420_s14-b1_GCTCGGTA_L002_R1_002.fastq.gz; /shared/ngs/illumina/tstarr/200427_D00300_0952_AHFCLCBCX3/Unaligned/Project_tstarr/Sample_200420_s14-b1/200420_s14-b1_GCTCGGTA_L002_R1_003.fastq.gz
lib1,200420_s14-b2,211469,NA,3.16E-13,lib1_200420_s14,/shared/ngs/illumina/tstarr/200427_D00300_0952_AHFCLCBCX3/Unaligned/Project_tstarr/Sample_200420_s14-b2/200420_s14-b2_GGAGAACA_L001_R1_001.fastq.gz; /shared/ngs/illumina/tstarr/200427_D00300_0952_AHFCLCBCX3/Unaligned/Project_tstarr/Sample_200420_s14-b2/200420_s14-b2_GGAGAACA_L002_R1_001.fastq.gz
lib1,200420_s14-b3,3186,NA,3.16E-13,lib1_200420_s14,/shared/ngs/illumina/tstarr/200427_D00300_0952_AHFCLCBCX3/Unaligned/Project_tstarr/Sample_200420_s14-b3/200420_s14-b3_GGTGCGAA_L001_R1_001.fastq.gz; /shared/ngs/illumina/tstarr/200427_D00300_0952_AHFCLCBCX3/Unaligned/Project_tstarr/Sample_200420_s14-b3/200420_s14-b3_GGTGCGAA_L002_R1_001.fastq.gz
lib1,200420_s14-b4,1243,NA,3.16E-13,lib1_200420_s14,/shared/ngs/illumina/tstarr/200427_D00300_0952_AHFCLCBCX3/Unaligned/Project_tstarr/Sample_200420_s14-b4/200420_s14-b4_GTACGCAA_L001_R1_001.fastq.gz; /shared/ngs/illumina/tstarr/200427_D00300_0952_AHFCLCBCX3/Unaligned/Project_tstarr/Sample_200420_s14-b4/200420_s14-b4_GTACGCAA_L002_R1_001.fastq.gz
lib1,200420_s15-b1,4844047,NA,1.00E-13,lib1_200420_s15,/shared/ngs/illumina/tstarr/200427_D00300_0952_AHFCLCBCX3/Unaligned/Project_tstarr/Sample_200420_s15-b1/200420_s15-b1_GTCGTAGA_L001_R1_001.fastq.gz; /shared/ngs/illumina/tstarr/200427_D00300_0952_AHFCLCBCX3/Unaligned/Project_tstarr/Sample_200420_s15-b1/200420_s15-b1_GTCGTAGA_L001_R1_002.fastq.gz; /shared/ngs/illumina/tstarr/200427_D00300_0952_AHFCLCBCX3/Unaligned/Project_tstarr/Sample_200420_s15-b1/200420_s15-b1_GTCGTAGA_L002_R1_001.fastq.gz; /shared/ngs/illumina/tstarr/200427_D00300_0952_AHFCLCBCX3/Unaligned/Project_tstarr/Sample_200420_s15-b1/200420_s15-b1_GTCGTAGA_L002_R1_002.fastq.gz
lib1,200420_s15-b2,189729,NA,1.00E-13,lib1_200420_s15,/shared/ngs/illumina/tstarr/200427_D00300_0952_AHFCLCBCX3/Unaligned/Project_tstarr/Sample_200420_s15-b2/200420_s15-b2_GTCTGTCA_L001_R1_001.fastq.gz; /shared/ngs/illumina/tstarr/200427_D00300_0952_AHFCLCBCX3/Unaligned/Project_tstarr/Sample_200420_s15-b2/200420_s15-b2_GTCTGTCA_L002_R1_001.fastq.gz
lib1,200420_s15-b3,3206,NA,1.00E-13,lib1_200420_s15,/shared/ngs/illumina/tstarr/200427_D00300_0952_AHFCLCBCX3/Unaligned/Project_tstarr/Sample_200420_s15-b3/200420_s15-b3_GTGTTCTA_L001_R1_001.fastq.gz; /shared/ngs/illumina/tstarr/200427_D00300_0952_AHFCLCBCX3/Unaligned/Project_tstarr/Sample_200420_s15-b3/200420_s15-b3_GTGTTCTA_L002_R1_001.fastq.gz
lib1,200420_s15-b4,1305,NA,1.00E-13,lib1_200420_s15,/shared/ngs/illumina/tstarr/200427_D00300_0952_AHFCLCBCX3/Unaligned/Project_tstarr/Sample_200420_s15-b4/200420_s15-b4_TAGGATGA_L001_R1_001.fastq.gz; /shared/ngs/illumina/tstarr/200427_D00300_0952_AHFCLCBCX3/Unaligned/Project_tstarr/Sample_200420_s15-b4/200420_s15-b4_TAGGATGA_L002_R1_001.fastq.gz
lib1,200420_s16-b1,5012897,NA,0,lib1_200420_s16,/shared/ngs/illumina/tstarr/200427_D00300_0952_AHFCLCBCX3/Unaligned/Project_tstarr/Sample_200420_s16-b1/200420_s16-b1_TATCAGCA_L001_R1_001.fastq.gz; /shared/ngs/illumina/tstarr/200427_D00300_0952_AHFCLCBCX3/Unaligned/Project_tstarr/Sample_200420_s16-b1/200420_s16-b1_TATCAGCA_L001_R1_002.fastq.gz; /shared/ngs/illumina/tstarr/200427_D00300_0952_AHFCLCBCX3/Unaligned/Project_tstarr/Sample_200420_s16-b1/200420_s16-b1_TATCAGCA_L001_R1_003.fastq.gz; /shared/ngs/illumina/tstarr/200427_D00300_0952_AHFCLCBCX3/Unaligned/Project_tstarr/Sample_200420_s16-b1/200420_s16-b1_TATCAGCA_L002_R1_001.fastq.gz; /shared/ngs/illumina/tstarr/200427_D00300_0952_AHFCLCBCX3/Unaligned/Project_tstarr/Sample_200420_s16-b1/200420_s16-b1_TATCAGCA_L002_R1_002.fastq.gz; /shared/ngs/illumina/tstarr/200427_D00300_0952_AHFCLCBCX3/Unaligned/Project_tstarr/Sample_200420_s16-b1/200420_s16-b1_TATCAGCA_L002_R1_003.fastq.gz
lib1,200420_s16-b2,229348,NA,0,lib1_200420_s16,/shared/ngs/illumina/tstarr/200427_D00300_0952_AHFCLCBCX3/Unaligned/Project_tstarr/Sample_200420_s16-b2/200420_s16-b2_TCCGTCTA_L001_R1_001.fastq.gz; /shared/ngs/illumina/tstarr/200427_D00300_0952_AHFCLCBCX3/Unaligned/Project_tstarr/Sample_200420_s16-b2/200420_s16-b2_TCCGTCTA_L002_R1_001.fastq.gz
lib1,200420_s16-b3,3614,NA,0,lib1_200420_s16,/shared/ngs/illumina/tstarr/200427_D00300_0952_AHFCLCBCX3/Unaligned/Project_tstarr/Sample_200420_s16-b3/200420_s16-b3_TCTTCACA_L001_R1_001.fastq.gz; /shared/ngs/illumina/tstarr/200427_D00300_0952_AHFCLCBCX3/Unaligned/Project_tstarr/Sample_200420_s16-b3/200420_s16-b3_TCTTCACA_L002_R1_001.fastq.gz
lib1,200420_s16-b4,1494,NA,0,lib1_200420_s16,/shared/ngs/illumina/tstarr/200427_D00300_0952_AHFCLCBCX3/Unaligned/Project_tstarr/Sample_200420_s16-b4/200420_s16-b4_TGAAGAGA_L001_R1_001.fastq.gz; /shared/ngs/illumina/tstarr/200427_D00300_0952_AHFCLCBCX3/Unaligned/Project_tstarr/Sample_200420_s16-b4/200420_s16-b4_TGAAGAGA_L002_R1_001.fastq.gz
lib2,200422_s01-b1,1038116,NA,1.00E-06,lib2_200422_s01,/shared/ngs/illumina/tstarr/200427_D00300_0953_BHFCMKBCX3/Unaligned/Project_tstarr/Sample_200422_s01-b1/200422_s01-b1_AACGTGAT_L001_R1_001.fastq.gz; /shared/ngs/illumina/tstarr/200427_D00300_0953_BHFCMKBCX3/Unaligned/Project_tstarr/Sample_200422_s01-b1/200422_s01-b1_AACGTGAT_L002_R1_001.fastq.gz
lib2,200422_s01-b2,403045,NA,1.00E-06,lib2_200422_s01,/shared/ngs/illumina/tstarr/200427_D00300_0953_BHFCMKBCX3/Unaligned/Project_tstarr/Sample_200422_s01-b2/200422_s01-b2_AAACATCG_L001_R1_001.fastq.gz; /shared/ngs/illumina/tstarr/200427_D00300_0953_BHFCMKBCX3/Unaligned/Project_tstarr/Sample_200422_s01-b2/200422_s01-b2_AAACATCG_L002_R1_001.fastq.gz
lib2,200422_s01-b3,723790,NA,1.00E-06,lib2_200422_s01,/shared/ngs/illumina/tstarr/200427_D00300_0953_BHFCMKBCX3/Unaligned/Project_tstarr/Sample_200422_s01-b3/200422_s01-b3_ATGCCTAA_L001_R1_001.fastq.gz; /shared/ngs/illumina/tstarr/200427_D00300_0953_BHFCMKBCX3/Unaligned/Project_tstarr/Sample_200422_s01-b3/200422_s01-b3_ATGCCTAA_L002_R1_001.fastq.gz
lib2,200422_s01-b4,3578165,NA,1.00E-06,lib2_200422_s01,/shared/ngs/illumina/tstarr/200427_D00300_0953_BHFCMKBCX3/Unaligned/Project_tstarr/Sample_200422_s01-b4/200422_s01-b4_AGTGGTCA_L001_R1_001.fastq.gz; /shared/ngs/illumina/tstarr/200427_D00300_0953_BHFCMKBCX3/Unaligned/Project_tstarr/Sample_200422_s01-b4/200422_s01-b4_AGTGGTCA_L001_R1_002.fastq.gz; /shared/ngs/illumina/tstarr/200427_D00300_0953_BHFCMKBCX3/Unaligned/Project_tstarr/Sample_200422_s01-b4/200422_s01-b4_AGTGGTCA_L002_R1_001.fastq.gz; /shared/ngs/illumina/tstarr/200427_D00300_0953_BHFCMKBCX3/Unaligned/Project_tstarr/Sample_200422_s01-b4/200422_s01-b4_AGTGGTCA_L002_R1_002.fastq.gz
lib2,200422_s02-b1,1019028,NA,3.16E-07,lib2_200422_s02,/shared/ngs/illumina/tstarr/200427_D00300_0953_BHFCMKBCX3/Unaligned/Project_tstarr/Sample_200422_s02-b1/200422_s02-b1_ACCACTGT_L001_R1_001.fastq.gz; /shared/ngs/illumina/tstarr/200427_D00300_0953_BHFCMKBCX3/Unaligned/Project_tstarr/Sample_200422_s02-b1/200422_s02-b1_ACCACTGT_L002_R1_001.fastq.gz
lib2,200422_s02-b2,396617,NA,3.16E-07,lib2_200422_s02,/shared/ngs/illumina/tstarr/200427_D00300_0953_BHFCMKBCX3/Unaligned/Project_tstarr/Sample_200422_s02-b2/200422_s02-b2_ACATTGGC_L001_R1_001.fastq.gz; /shared/ngs/illumina/tstarr/200427_D00300_0953_BHFCMKBCX3/Unaligned/Project_tstarr/Sample_200422_s02-b2/200422_s02-b2_ACATTGGC_L002_R1_001.fastq.gz
lib2,200422_s02-b3,724996,NA,3.16E-07,lib2_200422_s02,/shared/ngs/illumina/tstarr/200427_D00300_0953_BHFCMKBCX3/Unaligned/Project_tstarr/Sample_200422_s02-b3/200422_s02-b3_CAGATCTG_L001_R1_001.fastq.gz; /shared/ngs/illumina/tstarr/200427_D00300_0953_BHFCMKBCX3/Unaligned/Project_tstarr/Sample_200422_s02-b3/200422_s02-b3_CAGATCTG_L002_R1_001.fastq.gz
lib2,200422_s02-b4,3347685,NA,3.16E-07,lib2_200422_s02,/shared/ngs/illumina/tstarr/200427_D00300_0953_BHFCMKBCX3/Unaligned/Project_tstarr/Sample_200422_s02-b4/200422_s02-b4_CATCAAGT_L001_R1_001.fastq.gz; /shared/ngs/illumina/tstarr/200427_D00300_0953_BHFCMKBCX3/Unaligned/Project_tstarr/Sample_200422_s02-b4/200422_s02-b4_CATCAAGT_L001_R1_002.fastq.gz; /shared/ngs/illumina/tstarr/200427_D00300_0953_BHFCMKBCX3/Unaligned/Project_tstarr/Sample_200422_s02-b4/200422_s02-b4_CATCAAGT_L002_R1_001.fastq.gz; /shared/ngs/illumina/tstarr/200427_D00300_0953_BHFCMKBCX3/Unaligned/Project_tstarr/Sample_200422_s02-b4/200422_s02-b4_CATCAAGT_L002_R1_002.fastq.gz
lib2,200422_s03-b1,1101875,NA,1.00E-07,lib2_200422_s03,/shared/ngs/illumina/tstarr/200427_D00300_0953_BHFCMKBCX3/Unaligned/Project_tstarr/Sample_200422_s03-b1/200422_s03-b1_CGCTGATC_L001_R1_001.fastq.gz; /shared/ngs/illumina/tstarr/200427_D00300_0953_BHFCMKBCX3/Unaligned/Project_tstarr/Sample_200422_s03-b1/200422_s03-b1_CGCTGATC_L002_R1_001.fastq.gz
lib2,200422_s03-b2,460767,NA,1.00E-07,lib2_200422_s03,/shared/ngs/illumina/tstarr/200427_D00300_0953_BHFCMKBCX3/Unaligned/Project_tstarr/Sample_200422_s03-b2/200422_s03-b2_ACAAGCTA_L001_R1_001.fastq.gz; /shared/ngs/illumina/tstarr/200427_D00300_0953_BHFCMKBCX3/Unaligned/Project_tstarr/Sample_200422_s03-b2/200422_s03-b2_ACAAGCTA_L002_R1_001.fastq.gz
lib2,200422_s03-b3,800107,NA,1.00E-07,lib2_200422_s03,/shared/ngs/illumina/tstarr/200427_D00300_0953_BHFCMKBCX3/Unaligned/Project_tstarr/Sample_200422_s03-b3/200422_s03-b3_CTGTAGCC_L001_R1_001.fastq.gz; /shared/ngs/illumina/tstarr/200427_D00300_0953_BHFCMKBCX3/Unaligned/Project_tstarr/Sample_200422_s03-b3/200422_s03-b3_CTGTAGCC_L002_R1_001.fastq.gz
lib2,200422_s03-b4,3341125,NA,1.00E-07,lib2_200422_s03,/shared/ngs/illumina/tstarr/200427_D00300_0953_BHFCMKBCX3/Unaligned/Project_tstarr/Sample_200422_s03-b4/200422_s03-b4_AGTACAAG_L001_R1_001.fastq.gz; /shared/ngs/illumina/tstarr/200427_D00300_0953_BHFCMKBCX3/Unaligned/Project_tstarr/Sample_200422_s03-b4/200422_s03-b4_AGTACAAG_L001_R1_002.fastq.gz; /shared/ngs/illumina/tstarr/200427_D00300_0953_BHFCMKBCX3/Unaligned/Project_tstarr/Sample_200422_s03-b4/200422_s03-b4_AGTACAAG_L002_R1_001.fastq.gz; /shared/ngs/illumina/tstarr/200427_D00300_0953_BHFCMKBCX3/Unaligned/Project_tstarr/Sample_200422_s03-b4/200422_s03-b4_AGTACAAG_L002_R1_002.fastq.gz
lib2,200422_s04-b1,1142980,NA,3.16E-08,lib2_200422_s04,/shared/ngs/illumina/tstarr/200427_D00300_0953_BHFCMKBCX3/Unaligned/Project_tstarr/Sample_200422_s04-b1/200422_s04-b1_AACAACCA_L001_R1_001.fastq.gz; /shared/ngs/illumina/tstarr/200427_D00300_0953_BHFCMKBCX3/Unaligned/Project_tstarr/Sample_200422_s04-b1/200422_s04-b1_AACAACCA_L002_R1_001.fastq.gz
lib2,200422_s04-b2,465664,NA,3.16E-08,lib2_200422_s04,/shared/ngs/illumina/tstarr/200427_D00300_0953_BHFCMKBCX3/Unaligned/Project_tstarr/Sample_200422_s04-b2/200422_s04-b2_AACCGAGA_L001_R1_001.fastq.gz; /shared/ngs/illumina/tstarr/200427_D00300_0953_BHFCMKBCX3/Unaligned/Project_tstarr/Sample_200422_s04-b2/200422_s04-b2_AACCGAGA_L002_R1_001.fastq.gz
lib2,200422_s04-b3,889705,NA,3.16E-08,lib2_200422_s04,/shared/ngs/illumina/tstarr/200427_D00300_0953_BHFCMKBCX3/Unaligned/Project_tstarr/Sample_200422_s04-b3/200422_s04-b3_AACGCTTA_L001_R1_001.fastq.gz; /shared/ngs/illumina/tstarr/200427_D00300_0953_BHFCMKBCX3/Unaligned/Project_tstarr/Sample_200422_s04-b3/200422_s04-b3_AACGCTTA_L002_R1_001.fastq.gz
lib2,200422_s04-b4,3052542,NA,3.16E-08,lib2_200422_s04,/shared/ngs/illumina/tstarr/200427_D00300_0953_BHFCMKBCX3/Unaligned/Project_tstarr/Sample_200422_s04-b4/200422_s04-b4_AAGACGGA_L001_R1_001.fastq.gz; /shared/ngs/illumina/tstarr/200427_D00300_0953_BHFCMKBCX3/Unaligned/Project_tstarr/Sample_200422_s04-b4/200422_s04-b4_AAGACGGA_L001_R1_002.fastq.gz; /shared/ngs/illumina/tstarr/200427_D00300_0953_BHFCMKBCX3/Unaligned/Project_tstarr/Sample_200422_s04-b4/200422_s04-b4_AAGACGGA_L002_R1_001.fastq.gz; /shared/ngs/illumina/tstarr/200427_D00300_0953_BHFCMKBCX3/Unaligned/Project_tstarr/Sample_200422_s04-b4/200422_s04-b4_AAGACGGA_L002_R1_002.fastq.gz
lib2,200422_s05-b1,1339281,NA,1.00E-08,lib2_200422_s05,/shared/ngs/illumina/tstarr/200427_D00300_0953_BHFCMKBCX3/Unaligned/Project_tstarr/Sample_200422_s05-b1/200422_s05-b1_AAGGTACA_L001_R1_001.fastq.gz; /shared/ngs/illumina/tstarr/200427_D00300_0953_BHFCMKBCX3/Unaligned/Project_tstarr/Sample_200422_s05-b1/200422_s05-b1_AAGGTACA_L002_R1_001.fastq.gz
lib2,200422_s05-b2,324228,NA,1.00E-08,lib2_200422_s05,/shared/ngs/illumina/tstarr/200427_D00300_0953_BHFCMKBCX3/Unaligned/Project_tstarr/Sample_200422_s05-b2/200422_s05-b2_ACACAGAA_L001_R1_001.fastq.gz; /shared/ngs/illumina/tstarr/200427_D00300_0953_BHFCMKBCX3/Unaligned/Project_tstarr/Sample_200422_s05-b2/200422_s05-b2_ACACAGAA_L002_R1_001.fastq.gz
lib2,200422_s05-b3,781546,NA,1.00E-08,lib2_200422_s05,/shared/ngs/illumina/tstarr/200427_D00300_0953_BHFCMKBCX3/Unaligned/Project_tstarr/Sample_200422_s05-b3/200422_s05-b3_ACAGCAGA_L001_R1_001.fastq.gz; /shared/ngs/illumina/tstarr/200427_D00300_0953_BHFCMKBCX3/Unaligned/Project_tstarr/Sample_200422_s05-b3/200422_s05-b3_ACAGCAGA_L002_R1_001.fastq.gz
lib2,200422_s05-b4,3172054,NA,1.00E-08,lib2_200422_s05,/shared/ngs/illumina/tstarr/200427_D00300_0953_BHFCMKBCX3/Unaligned/Project_tstarr/Sample_200422_s05-b4/200422_s05-b4_ACCTCCAA_L001_R1_001.fastq.gz; /shared/ngs/illumina/tstarr/200427_D00300_0953_BHFCMKBCX3/Unaligned/Project_tstarr/Sample_200422_s05-b4/200422_s05-b4_ACCTCCAA_L001_R1_002.fastq.gz; /shared/ngs/illumina/tstarr/200427_D00300_0953_BHFCMKBCX3/Unaligned/Project_tstarr/Sample_200422_s05-b4/200422_s05-b4_ACCTCCAA_L002_R1_001.fastq.gz; /shared/ngs/illumina/tstarr/200427_D00300_0953_BHFCMKBCX3/Unaligned/Project_tstarr/Sample_200422_s05-b4/200422_s05-b4_ACCTCCAA_L002_R1_002.fastq.gz
lib2,200422_s06-b1,1605180,NA,3.16E-09,lib2_200422_s06,/shared/ngs/illumina/tstarr/200427_D00300_0953_BHFCMKBCX3/Unaligned/Project_tstarr/Sample_200422_s06-b1/200422_s06-b1_ACGCTCGA_L001_R1_001.fastq.gz; /shared/ngs/illumina/tstarr/200427_D00300_0953_BHFCMKBCX3/Unaligned/Project_tstarr/Sample_200422_s06-b1/200422_s06-b1_ACGCTCGA_L002_R1_001.fastq.gz
lib2,200422_s06-b2,435834,NA,3.16E-09,lib2_200422_s06,/shared/ngs/illumina/tstarr/200427_D00300_0953_BHFCMKBCX3/Unaligned/Project_tstarr/Sample_200422_s06-b2/200422_s06-b2_ACGTATCA_L001_R1_001.fastq.gz; /shared/ngs/illumina/tstarr/200427_D00300_0953_BHFCMKBCX3/Unaligned/Project_tstarr/Sample_200422_s06-b2/200422_s06-b2_ACGTATCA_L002_R1_001.fastq.gz
lib2,200422_s06-b3,899879,NA,3.16E-09,lib2_200422_s06,/shared/ngs/illumina/tstarr/200427_D00300_0953_BHFCMKBCX3/Unaligned/Project_tstarr/Sample_200422_s06-b3/200422_s06-b3_ACTATGCA_L001_R1_001.fastq.gz; /shared/ngs/illumina/tstarr/200427_D00300_0953_BHFCMKBCX3/Unaligned/Project_tstarr/Sample_200422_s06-b3/200422_s06-b3_ACTATGCA_L002_R1_001.fastq.gz
lib2,200422_s06-b4,2867494,NA,3.16E-09,lib2_200422_s06,/shared/ngs/illumina/tstarr/200427_D00300_0953_BHFCMKBCX3/Unaligned/Project_tstarr/Sample_200422_s06-b4/200422_s06-b4_AGAGTCAA_L001_R1_001.fastq.gz; /shared/ngs/illumina/tstarr/200427_D00300_0953_BHFCMKBCX3/Unaligned/Project_tstarr/Sample_200422_s06-b4/200422_s06-b4_AGAGTCAA_L001_R1_002.fastq.gz; /shared/ngs/illumina/tstarr/200427_D00300_0953_BHFCMKBCX3/Unaligned/Project_tstarr/Sample_200422_s06-b4/200422_s06-b4_AGAGTCAA_L002_R1_001.fastq.gz; /shared/ngs/illumina/tstarr/200427_D00300_0953_BHFCMKBCX3/Unaligned/Project_tstarr/Sample_200422_s06-b4/200422_s06-b4_AGAGTCAA_L002_R1_002.fastq.gz
lib2,200422_s07-b1,1777908,NA,1.00E-09,lib2_200422_s07,/shared/ngs/illumina/tstarr/200427_D00300_0953_BHFCMKBCX3/Unaligned/Project_tstarr/Sample_200422_s07-b1/200422_s07-b1_AGATCGCA_L001_R1_001.fastq.gz; /shared/ngs/illumina/tstarr/200427_D00300_0953_BHFCMKBCX3/Unaligned/Project_tstarr/Sample_200422_s07-b1/200422_s07-b1_AGATCGCA_L002_R1_001.fastq.gz
lib2,200422_s07-b2,488462,NA,1.00E-09,lib2_200422_s07,/shared/ngs/illumina/tstarr/200427_D00300_0953_BHFCMKBCX3/Unaligned/Project_tstarr/Sample_200422_s07-b2/200422_s07-b2_AGCAGGAA_L001_R1_001.fastq.gz; /shared/ngs/illumina/tstarr/200427_D00300_0953_BHFCMKBCX3/Unaligned/Project_tstarr/Sample_200422_s07-b2/200422_s07-b2_AGCAGGAA_L002_R1_001.fastq.gz
lib2,200422_s07-b3,894981,NA,1.00E-09,lib2_200422_s07,/shared/ngs/illumina/tstarr/200427_D00300_0953_BHFCMKBCX3/Unaligned/Project_tstarr/Sample_200422_s07-b3/200422_s07-b3_AGTCACTA_L001_R1_001.fastq.gz; /shared/ngs/illumina/tstarr/200427_D00300_0953_BHFCMKBCX3/Unaligned/Project_tstarr/Sample_200422_s07-b3/200422_s07-b3_AGTCACTA_L002_R1_001.fastq.gz
lib2,200422_s07-b4,2534079,NA,1.00E-09,lib2_200422_s07,/shared/ngs/illumina/tstarr/200427_D00300_0953_BHFCMKBCX3/Unaligned/Project_tstarr/Sample_200422_s07-b4/200422_s07-b4_ATCCTGTA_L001_R1_001.fastq.gz; /shared/ngs/illumina/tstarr/200427_D00300_0953_BHFCMKBCX3/Unaligned/Project_tstarr/Sample_200422_s07-b4/200422_s07-b4_ATCCTGTA_L001_R1_002.fastq.gz; /shared/ngs/illumina/tstarr/200427_D00300_0953_BHFCMKBCX3/Unaligned/Project_tstarr/Sample_200422_s07-b4/200422_s07-b4_ATCCTGTA_L002_R1_001.fastq.gz; /shared/ngs/illumina/tstarr/200427_D00300_0953_BHFCMKBCX3/Unaligned/Project_tstarr/Sample_200422_s07-b4/200422_s07-b4_ATCCTGTA_L002_R1_002.fastq.gz
lib2,200422_s08-b1,2047995,NA,3.16E-10,lib2_200422_s08,/shared/ngs/illumina/tstarr/200427_D00300_0953_BHFCMKBCX3/Unaligned/Project_tstarr/Sample_200422_s08-b1/200422_s08-b1_ATTGAGGA_L001_R1_001.fastq.gz; /shared/ngs/illumina/tstarr/200427_D00300_0953_BHFCMKBCX3/Unaligned/Project_tstarr/Sample_200422_s08-b1/200422_s08-b1_ATTGAGGA_L002_R1_001.fastq.gz
lib2,200422_s08-b2,673365,NA,3.16E-10,lib2_200422_s08,/shared/ngs/illumina/tstarr/200427_D00300_0953_BHFCMKBCX3/Unaligned/Project_tstarr/Sample_200422_s08-b2/200422_s08-b2_CAACCACA_L001_R1_001.fastq.gz; /shared/ngs/illumina/tstarr/200427_D00300_0953_BHFCMKBCX3/Unaligned/Project_tstarr/Sample_200422_s08-b2/200422_s08-b2_CAACCACA_L002_R1_001.fastq.gz
lib2,200422_s08-b3,1016558,NA,3.16E-10,lib2_200422_s08,/shared/ngs/illumina/tstarr/200427_D00300_0953_BHFCMKBCX3/Unaligned/Project_tstarr/Sample_200422_s08-b3/200422_s08-b3_GACTAGTA_L001_R1_001.fastq.gz; /shared/ngs/illumina/tstarr/200427_D00300_0953_BHFCMKBCX3/Unaligned/Project_tstarr/Sample_200422_s08-b3/200422_s08-b3_GACTAGTA_L002_R1_001.fastq.gz
lib2,200422_s08-b4,2108643,NA,3.16E-10,lib2_200422_s08,/shared/ngs/illumina/tstarr/200427_D00300_0953_BHFCMKBCX3/Unaligned/Project_tstarr/Sample_200422_s08-b4/200422_s08-b4_CAATGGAA_L001_R1_001.fastq.gz; /shared/ngs/illumina/tstarr/200427_D00300_0953_BHFCMKBCX3/Unaligned/Project_tstarr/Sample_200422_s08-b4/200422_s08-b4_CAATGGAA_L002_R1_001.fastq.gz
lib2,200422_s09-b1,2441808,NA,1.00E-10,lib2_200422_s09,/shared/ngs/illumina/tstarr/200427_D00300_0953_BHFCMKBCX3/Unaligned/Project_tstarr/Sample_200422_s09-b1/200422_s09-b1_CACTTCGA_L001_R1_001.fastq.gz; /shared/ngs/illumina/tstarr/200427_D00300_0953_BHFCMKBCX3/Unaligned/Project_tstarr/Sample_200422_s09-b1/200422_s09-b1_CACTTCGA_L001_R1_002.fastq.gz; /shared/ngs/illumina/tstarr/200427_D00300_0953_BHFCMKBCX3/Unaligned/Project_tstarr/Sample_200422_s09-b1/200422_s09-b1_CACTTCGA_L002_R1_001.fastq.gz
lib2,200422_s09-b2,945878,NA,1.00E-10,lib2_200422_s09,/shared/ngs/illumina/tstarr/200427_D00300_0953_BHFCMKBCX3/Unaligned/Project_tstarr/Sample_200422_s09-b2/200422_s09-b2_CAGCGTTA_L001_R1_001.fastq.gz; /shared/ngs/illumina/tstarr/200427_D00300_0953_BHFCMKBCX3/Unaligned/Project_tstarr/Sample_200422_s09-b2/200422_s09-b2_CAGCGTTA_L002_R1_001.fastq.gz
lib2,200422_s09-b3,1578599,NA,1.00E-10,lib2_200422_s09,/shared/ngs/illumina/tstarr/200427_D00300_0953_BHFCMKBCX3/Unaligned/Project_tstarr/Sample_200422_s09-b3/200422_s09-b3_CATACCAA_L001_R1_001.fastq.gz; /shared/ngs/illumina/tstarr/200427_D00300_0953_BHFCMKBCX3/Unaligned/Project_tstarr/Sample_200422_s09-b3/200422_s09-b3_CATACCAA_L002_R1_001.fastq.gz
lib2,200422_s09-b4,1014391,NA,1.00E-10,lib2_200422_s09,/shared/ngs/illumina/tstarr/200427_D00300_0953_BHFCMKBCX3/Unaligned/Project_tstarr/Sample_200422_s09-b4/200422_s09-b4_CCAGTTCA_L001_R1_001.fastq.gz; /shared/ngs/illumina/tstarr/200427_D00300_0953_BHFCMKBCX3/Unaligned/Project_tstarr/Sample_200422_s09-b4/200422_s09-b4_CCAGTTCA_L002_R1_001.fastq.gz
lib2,200422_s10-b1,3012020,NA,3.16E-11,lib2_200422_s10,/shared/ngs/illumina/tstarr/200427_D00300_0953_BHFCMKBCX3/Unaligned/Project_tstarr/Sample_200422_s10-b1/200422_s10-b1_CCGAAGTA_L001_R1_001.fastq.gz; /shared/ngs/illumina/tstarr/200427_D00300_0953_BHFCMKBCX3/Unaligned/Project_tstarr/Sample_200422_s10-b1/200422_s10-b1_CCGAAGTA_L001_R1_002.fastq.gz; /shared/ngs/illumina/tstarr/200427_D00300_0953_BHFCMKBCX3/Unaligned/Project_tstarr/Sample_200422_s10-b1/200422_s10-b1_CCGAAGTA_L002_R1_001.fastq.gz; /shared/ngs/illumina/tstarr/200427_D00300_0953_BHFCMKBCX3/Unaligned/Project_tstarr/Sample_200422_s10-b1/200422_s10-b1_CCGAAGTA_L002_R1_002.fastq.gz
lib2,200422_s10-b2,1424829,NA,3.16E-11,lib2_200422_s10,/shared/ngs/illumina/tstarr/200427_D00300_0953_BHFCMKBCX3/Unaligned/Project_tstarr/Sample_200422_s10-b2/200422_s10-b2_CCGTGAGA_L001_R1_001.fastq.gz; /shared/ngs/illumina/tstarr/200427_D00300_0953_BHFCMKBCX3/Unaligned/Project_tstarr/Sample_200422_s10-b2/200422_s10-b2_CCGTGAGA_L002_R1_001.fastq.gz
lib2,200422_s10-b3,1555906,NA,3.16E-11,lib2_200422_s10,/shared/ngs/illumina/tstarr/200427_D00300_0953_BHFCMKBCX3/Unaligned/Project_tstarr/Sample_200422_s10-b3/200422_s10-b3_CCTCCTGA_L001_R1_001.fastq.gz; /shared/ngs/illumina/tstarr/200427_D00300_0953_BHFCMKBCX3/Unaligned/Project_tstarr/Sample_200422_s10-b3/200422_s10-b3_CCTCCTGA_L002_R1_001.fastq.gz
lib2,200422_s10-b4,21856,NA,3.16E-11,lib2_200422_s10,/shared/ngs/illumina/tstarr/200427_D00300_0953_BHFCMKBCX3/Unaligned/Project_tstarr/Sample_200422_s10-b4/200422_s10-b4_CGAACTTA_L001_R1_001.fastq.gz; /shared/ngs/illumina/tstarr/200427_D00300_0953_BHFCMKBCX3/Unaligned/Project_tstarr/Sample_200422_s10-b4/200422_s10-b4_CGAACTTA_L002_R1_001.fastq.gz
lib2,200422_s11-b1,3554990,NA,1.00E-11,lib2_200422_s11,/shared/ngs/illumina/tstarr/200427_D00300_0953_BHFCMKBCX3/Unaligned/Project_tstarr/Sample_200422_s11-b1/200422_s11-b1_CGACTGGA_L001_R1_001.fastq.gz; /shared/ngs/illumina/tstarr/200427_D00300_0953_BHFCMKBCX3/Unaligned/Project_tstarr/Sample_200422_s11-b1/200422_s11-b1_CGACTGGA_L001_R1_002.fastq.gz; /shared/ngs/illumina/tstarr/200427_D00300_0953_BHFCMKBCX3/Unaligned/Project_tstarr/Sample_200422_s11-b1/200422_s11-b1_CGACTGGA_L002_R1_001.fastq.gz; /shared/ngs/illumina/tstarr/200427_D00300_0953_BHFCMKBCX3/Unaligned/Project_tstarr/Sample_200422_s11-b1/200422_s11-b1_CGACTGGA_L002_R1_002.fastq.gz
lib2,200422_s11-b2,2052098,NA,1.00E-11,lib2_200422_s11,/shared/ngs/illumina/tstarr/200427_D00300_0953_BHFCMKBCX3/Unaligned/Project_tstarr/Sample_200422_s11-b2/200422_s11-b2_CGCATACA_L001_R1_001.fastq.gz; /shared/ngs/illumina/tstarr/200427_D00300_0953_BHFCMKBCX3/Unaligned/Project_tstarr/Sample_200422_s11-b2/200422_s11-b2_CGCATACA_L002_R1_001.fastq.gz
lib2,200422_s11-b3,185604,NA,1.00E-11,lib2_200422_s11,/shared/ngs/illumina/tstarr/200427_D00300_0953_BHFCMKBCX3/Unaligned/Project_tstarr/Sample_200422_s11-b3/200422_s11-b3_CTCAATGA_L001_R1_001.fastq.gz; /shared/ngs/illumina/tstarr/200427_D00300_0953_BHFCMKBCX3/Unaligned/Project_tstarr/Sample_200422_s11-b3/200422_s11-b3_CTCAATGA_L002_R1_001.fastq.gz
lib2,200422_s11-b4,1441,NA,1.00E-11,lib2_200422_s11,/shared/ngs/illumina/tstarr/200427_D00300_0953_BHFCMKBCX3/Unaligned/Project_tstarr/Sample_200422_s11-b4/200422_s11-b4_CTGAGCCA_L001_R1_001.fastq.gz; /shared/ngs/illumina/tstarr/200427_D00300_0953_BHFCMKBCX3/Unaligned/Project_tstarr/Sample_200422_s11-b4/200422_s11-b4_CTGAGCCA_L002_R1_001.fastq.gz
lib2,200422_s12-b1,5027756,NA,3.16E-12,lib2_200422_s12,/shared/ngs/illumina/tstarr/200427_D00300_0953_BHFCMKBCX3/Unaligned/Project_tstarr/Sample_200422_s12-b1/200422_s12-b1_CTGGCATA_L001_R1_001.fastq.gz; /shared/ngs/illumina/tstarr/200427_D00300_0953_BHFCMKBCX3/Unaligned/Project_tstarr/Sample_200422_s12-b1/200422_s12-b1_CTGGCATA_L001_R1_002.fastq.gz; /shared/ngs/illumina/tstarr/200427_D00300_0953_BHFCMKBCX3/Unaligned/Project_tstarr/Sample_200422_s12-b1/200422_s12-b1_CTGGCATA_L001_R1_003.fastq.gz; /shared/ngs/illumina/tstarr/200427_D00300_0953_BHFCMKBCX3/Unaligned/Project_tstarr/Sample_200422_s12-b1/200422_s12-b1_CTGGCATA_L002_R1_001.fastq.gz; /shared/ngs/illumina/tstarr/200427_D00300_0953_BHFCMKBCX3/Unaligned/Project_tstarr/Sample_200422_s12-b1/200422_s12-b1_CTGGCATA_L002_R1_002.fastq.gz; /shared/ngs/illumina/tstarr/200427_D00300_0953_BHFCMKBCX3/Unaligned/Project_tstarr/Sample_200422_s12-b1/200422_s12-b1_CTGGCATA_L002_R1_003.fastq.gz
lib2,200422_s12-b2,1478114,NA,3.16E-12,lib2_200422_s12,/shared/ngs/illumina/tstarr/200427_D00300_0953_BHFCMKBCX3/Unaligned/Project_tstarr/Sample_200422_s12-b2/200422_s12-b2_GAATCTGA_L001_R1_001.fastq.gz; /shared/ngs/illumina/tstarr/200427_D00300_0953_BHFCMKBCX3/Unaligned/Project_tstarr/Sample_200422_s12-b2/200422_s12-b2_GAATCTGA_L002_R1_001.fastq.gz
lib2,200422_s12-b3,5798,NA,3.16E-12,lib2_200422_s12,/shared/ngs/illumina/tstarr/200427_D00300_0953_BHFCMKBCX3/Unaligned/Project_tstarr/Sample_200422_s12-b3/200422_s12-b3_CAAGACTA_L001_R1_001.fastq.gz; /shared/ngs/illumina/tstarr/200427_D00300_0953_BHFCMKBCX3/Unaligned/Project_tstarr/Sample_200422_s12-b3/200422_s12-b3_CAAGACTA_L002_R1_001.fastq.gz
lib2,200422_s12-b4,1773,NA,3.16E-12,lib2_200422_s12,/shared/ngs/illumina/tstarr/200427_D00300_0953_BHFCMKBCX3/Unaligned/Project_tstarr/Sample_200422_s12-b4/200422_s12-b4_GAGCTGAA_L001_R1_001.fastq.gz; /shared/ngs/illumina/tstarr/200427_D00300_0953_BHFCMKBCX3/Unaligned/Project_tstarr/Sample_200422_s12-b4/200422_s12-b4_GAGCTGAA_L002_R1_001.fastq.gz
lib2,200422_s13-b1,5189759,NA,1.00E-12,lib2_200422_s13,/shared/ngs/illumina/tstarr/200427_D00300_0953_BHFCMKBCX3/Unaligned/Project_tstarr/Sample_200422_s13-b1/200422_s13-b1_GATAGACA_L001_R1_001.fastq.gz; /shared/ngs/illumina/tstarr/200427_D00300_0953_BHFCMKBCX3/Unaligned/Project_tstarr/Sample_200422_s13-b1/200422_s13-b1_GATAGACA_L001_R1_002.fastq.gz; /shared/ngs/illumina/tstarr/200427_D00300_0953_BHFCMKBCX3/Unaligned/Project_tstarr/Sample_200422_s13-b1/200422_s13-b1_GATAGACA_L001_R1_003.fastq.gz; /shared/ngs/illumina/tstarr/200427_D00300_0953_BHFCMKBCX3/Unaligned/Project_tstarr/Sample_200422_s13-b1/200422_s13-b1_GATAGACA_L002_R1_001.fastq.gz; /shared/ngs/illumina/tstarr/200427_D00300_0953_BHFCMKBCX3/Unaligned/Project_tstarr/Sample_200422_s13-b1/200422_s13-b1_GATAGACA_L002_R1_002.fastq.gz; /shared/ngs/illumina/tstarr/200427_D00300_0953_BHFCMKBCX3/Unaligned/Project_tstarr/Sample_200422_s13-b1/200422_s13-b1_GATAGACA_L002_R1_003.fastq.gz
lib2,200422_s13-b2,711044,NA,1.00E-12,lib2_200422_s13,/shared/ngs/illumina/tstarr/200427_D00300_0953_BHFCMKBCX3/Unaligned/Project_tstarr/Sample_200422_s13-b2/200422_s13-b2_GCCACATA_L001_R1_001.fastq.gz; /shared/ngs/illumina/tstarr/200427_D00300_0953_BHFCMKBCX3/Unaligned/Project_tstarr/Sample_200422_s13-b2/200422_s13-b2_GCCACATA_L002_R1_001.fastq.gz
lib2,200422_s13-b3,4043,NA,1.00E-12,lib2_200422_s13,/shared/ngs/illumina/tstarr/200427_D00300_0953_BHFCMKBCX3/Unaligned/Project_tstarr/Sample_200422_s13-b3/200422_s13-b3_GCGAGTAA_L001_R1_001.fastq.gz; /shared/ngs/illumina/tstarr/200427_D00300_0953_BHFCMKBCX3/Unaligned/Project_tstarr/Sample_200422_s13-b3/200422_s13-b3_GCGAGTAA_L002_R1_001.fastq.gz
lib2,200422_s13-b4,1684,NA,1.00E-12,lib2_200422_s13,/shared/ngs/illumina/tstarr/200427_D00300_0953_BHFCMKBCX3/Unaligned/Project_tstarr/Sample_200422_s13-b4/200422_s13-b4_GCTAACGA_L001_R1_001.fastq.gz; /shared/ngs/illumina/tstarr/200427_D00300_0953_BHFCMKBCX3/Unaligned/Project_tstarr/Sample_200422_s13-b4/200422_s13-b4_GCTAACGA_L002_R1_001.fastq.gz
lib2,200422_s14-b1,5468853,NA,3.16E-13,lib2_200422_s14,/shared/ngs/illumina/tstarr/200427_D00300_0953_BHFCMKBCX3/Unaligned/Project_tstarr/Sample_200422_s14-b1/200422_s14-b1_GCTCGGTA_L001_R1_001.fastq.gz; /shared/ngs/illumina/tstarr/200427_D00300_0953_BHFCMKBCX3/Unaligned/Project_tstarr/Sample_200422_s14-b1/200422_s14-b1_GCTCGGTA_L001_R1_002.fastq.gz; /shared/ngs/illumina/tstarr/200427_D00300_0953_BHFCMKBCX3/Unaligned/Project_tstarr/Sample_200422_s14-b1/200422_s14-b1_GCTCGGTA_L002_R1_001.fastq.gz; /shared/ngs/illumina/tstarr/200427_D00300_0953_BHFCMKBCX3/Unaligned/Project_tstarr/Sample_200422_s14-b1/200422_s14-b1_GCTCGGTA_L002_R1_002.fastq.gz
lib2,200422_s14-b2,419255,NA,3.16E-13,lib2_200422_s14,/shared/ngs/illumina/tstarr/200427_D00300_0953_BHFCMKBCX3/Unaligned/Project_tstarr/Sample_200422_s14-b2/200422_s14-b2_GGAGAACA_L001_R1_001.fastq.gz; /shared/ngs/illumina/tstarr/200427_D00300_0953_BHFCMKBCX3/Unaligned/Project_tstarr/Sample_200422_s14-b2/200422_s14-b2_GGAGAACA_L002_R1_001.fastq.gz
lib2,200422_s14-b3,3489,NA,3.16E-13,lib2_200422_s14,/shared/ngs/illumina/tstarr/200427_D00300_0953_BHFCMKBCX3/Unaligned/Project_tstarr/Sample_200422_s14-b3/200422_s14-b3_GGTGCGAA_L001_R1_001.fastq.gz; /shared/ngs/illumina/tstarr/200427_D00300_0953_BHFCMKBCX3/Unaligned/Project_tstarr/Sample_200422_s14-b3/200422_s14-b3_GGTGCGAA_L002_R1_001.fastq.gz
lib2,200422_s14-b4,1471,NA,3.16E-13,lib2_200422_s14,/shared/ngs/illumina/tstarr/200427_D00300_0953_BHFCMKBCX3/Unaligned/Project_tstarr/Sample_200422_s14-b4/200422_s14-b4_GTACGCAA_L001_R1_001.fastq.gz; /shared/ngs/illumina/tstarr/200427_D00300_0953_BHFCMKBCX3/Unaligned/Project_tstarr/Sample_200422_s14-b4/200422_s14-b4_GTACGCAA_L002_R1_001.fastq.gz
lib2,200422_s15-b1,5788800,NA,1.00E-13,lib2_200422_s15,/shared/ngs/illumina/tstarr/200427_D00300_0953_BHFCMKBCX3/Unaligned/Project_tstarr/Sample_200422_s15-b1/200422_s15-b1_GTCGTAGA_L001_R1_001.fastq.gz; /shared/ngs/illumina/tstarr/200427_D00300_0953_BHFCMKBCX3/Unaligned/Project_tstarr/Sample_200422_s15-b1/200422_s15-b1_GTCGTAGA_L001_R1_002.fastq.gz; /shared/ngs/illumina/tstarr/200427_D00300_0953_BHFCMKBCX3/Unaligned/Project_tstarr/Sample_200422_s15-b1/200422_s15-b1_GTCGTAGA_L001_R1_003.fastq.gz; /shared/ngs/illumina/tstarr/200427_D00300_0953_BHFCMKBCX3/Unaligned/Project_tstarr/Sample_200422_s15-b1/200422_s15-b1_GTCGTAGA_L002_R1_001.fastq.gz; /shared/ngs/illumina/tstarr/200427_D00300_0953_BHFCMKBCX3/Unaligned/Project_tstarr/Sample_200422_s15-b1/200422_s15-b1_GTCGTAGA_L002_R1_002.fastq.gz; /shared/ngs/illumina/tstarr/200427_D00300_0953_BHFCMKBCX3/Unaligned/Project_tstarr/Sample_200422_s15-b1/200422_s15-b1_GTCGTAGA_L002_R1_003.fastq.gz
lib2,200422_s15-b2,355156,NA,1.00E-13,lib2_200422_s15,/shared/ngs/illumina/tstarr/200427_D00300_0953_BHFCMKBCX3/Unaligned/Project_tstarr/Sample_200422_s15-b2/200422_s15-b2_GTCTGTCA_L001_R1_001.fastq.gz; /shared/ngs/illumina/tstarr/200427_D00300_0953_BHFCMKBCX3/Unaligned/Project_tstarr/Sample_200422_s15-b2/200422_s15-b2_GTCTGTCA_L002_R1_001.fastq.gz
lib2,200422_s15-b3,3101,NA,1.00E-13,lib2_200422_s15,/shared/ngs/illumina/tstarr/200427_D00300_0953_BHFCMKBCX3/Unaligned/Project_tstarr/Sample_200422_s15-b3/200422_s15-b3_GTGTTCTA_L001_R1_001.fastq.gz; /shared/ngs/illumina/tstarr/200427_D00300_0953_BHFCMKBCX3/Unaligned/Project_tstarr/Sample_200422_s15-b3/200422_s15-b3_GTGTTCTA_L002_R1_001.fastq.gz
lib2,200422_s15-b4,1345,NA,1.00E-13,lib2_200422_s15,/shared/ngs/illumina/tstarr/200427_D00300_0953_BHFCMKBCX3/Unaligned/Project_tstarr/Sample_200422_s15-b4/200422_s15-b4_TAGGATGA_L001_R1_001.fastq.gz; /shared/ngs/illumina/tstarr/200427_D00300_0953_BHFCMKBCX3/Unaligned/Project_tstarr/Sample_200422_s15-b4/200422_s15-b4_TAGGATGA_L002_R1_001.fastq.gz
lib2,200422_s16-b1,5531498,NA,0,lib2_200422_s16,/shared/ngs/illumina/tstarr/200427_D00300_0953_BHFCMKBCX3/Unaligned/Project_tstarr/Sample_200422_s16-b1/200422_s16-b1_TATCAGCA_L001_R1_001.fastq.gz; /shared/ngs/illumina/tstarr/200427_D00300_0953_BHFCMKBCX3/Unaligned/Project_tstarr/Sample_200422_s16-b1/200422_s16-b1_TATCAGCA_L001_R1_002.fastq.gz; /shared/ngs/illumina/tstarr/200427_D00300_0953_BHFCMKBCX3/Unaligned/Project_tstarr/Sample_200422_s16-b1/200422_s16-b1_TATCAGCA_L001_R1_003.fastq.gz; /shared/ngs/illumina/tstarr/200427_D00300_0953_BHFCMKBCX3/Unaligned/Project_tstarr/Sample_200422_s16-b1/200422_s16-b1_TATCAGCA_L002_R1_001.fastq.gz; /shared/ngs/illumina/tstarr/200427_D00300_0953_BHFCMKBCX3/Unaligned/Project_tstarr/Sample_200422_s16-b1/200422_s16-b1_TATCAGCA_L002_R1_002.fastq.gz; /shared/ngs/illumina/tstarr/200427_D00300_0953_BHFCMKBCX3/Unaligned/Project_tstarr/Sample_200422_s16-b1/200422_s16-b1_TATCAGCA_L002_R1_003.fastq.gz
lib2,200422_s16-b2,345182,NA,0,lib2_200422_s16,/shared/ngs/illumina/tstarr/200427_D00300_0953_BHFCMKBCX3/Unaligned/Project_tstarr/Sample_200422_s16-b2/200422_s16-b2_TCCGTCTA_L001_R1_001.fastq.gz; /shared/ngs/illumina/tstarr/200427_D00300_0953_BHFCMKBCX3/Unaligned/Project_tstarr/Sample_200422_s16-b2/200422_s16-b2_TCCGTCTA_L002_R1_001.fastq.gz
lib2,200422_s16-b3,3893,NA,0,lib2_200422_s16,/shared/ngs/illumina/tstarr/200427_D00300_0953_BHFCMKBCX3/Unaligned/Project_tstarr/Sample_200422_s16-b3/200422_s16-b3_TCTTCACA_L001_R1_001.fastq.gz; /shared/ngs/illumina/tstarr/200427_D00300_0953_BHFCMKBCX3/Unaligned/Project_tstarr/Sample_200422_s16-b3/200422_s16-b3_TCTTCACA_L002_R1_001.fastq.gz
lib2,200422_s16-b4,1755,NA,0,lib2_200422_s16,/shared/ngs/illumina/tstarr/200427_D00300_0953_BHFCMKBCX3/Unaligned/Project_tstarr/Sample_200422_s16-b4/200422_s16-b4_TGAAGAGA_L001_R1_001.fastq.gz; /shared/ngs/illumina/tstarr/200427_D00300_0953_BHFCMKBCX3/Unaligned/Project_tstarr/Sample_200422_s16-b4/200422_s16-b4_TGAAGAGA_L002_R1_001.fastq.gz
