"site_RBD","amino_acid_SARS2","site_SARS2","amino_acid_SARS1","site_SARS1","chain_6M0J","codon_SARS2","amino_acid_RaTG13","amino_acid_GD_Pangolin","RBM","disulfide","NLGS","sse","SASA_bound","SASA_unbound","RSA_bound","RSA_unbound","SARS2_ACE2_contact","SARS1_ACE2_contact","SARS1_key_adaptation","epitope_CR3022","epitope_VHH72","epitope_S230","epitope_m396","epitope_F26G19","epitope_80R","epitope_B38","epitope_S309","buried_downRBD"
1,"N",331,"N",318,NA,"aat","N","N",FALSE,NA,"putative1",NA,NA,NA,NA,NA,FALSE,FALSE,FALSE,FALSE,FALSE,FALSE,FALSE,FALSE,FALSE,FALSE,FALSE,TRUE
2,"I",332,"I",319,NA,"att","I","I",FALSE,NA,NA,NA,NA,NA,NA,NA,FALSE,FALSE,FALSE,FALSE,FALSE,FALSE,FALSE,FALSE,FALSE,FALSE,FALSE,TRUE
3,"T",333,"T",320,"E","aca","T","T",FALSE,NA,"putative1"," ",189,189,1,1,FALSE,FALSE,FALSE,FALSE,FALSE,FALSE,FALSE,FALSE,FALSE,FALSE,FALSE,FALSE
4,"N",334,"N",321,"E","aac","N","N",FALSE,NA,"surfaceN"," ",125,125,0.668449197860963,0.668449197860963,FALSE,FALSE,FALSE,FALSE,FALSE,FALSE,FALSE,FALSE,FALSE,FALSE,TRUE,FALSE
5,"L",335,"L",322,"E","ttg","L","L",FALSE,NA,NA,"B",123,123,0.643979057591623,0.643979057591623,FALSE,FALSE,FALSE,FALSE,FALSE,FALSE,FALSE,FALSE,FALSE,FALSE,TRUE,FALSE
6,"C",336,"C",323,"E","tgc","C","C",FALSE,1,NA," ",11,11,0.0743243243243243,0.0743243243243243,FALSE,FALSE,FALSE,FALSE,FALSE,FALSE,FALSE,FALSE,FALSE,FALSE,FALSE,FALSE
7,"P",337,"P",324,"E","cct","P","P",FALSE,NA,NA," ",49,49,0.318181818181818,0.318181818181818,FALSE,FALSE,FALSE,FALSE,FALSE,FALSE,FALSE,FALSE,FALSE,FALSE,TRUE,FALSE
8,"F",338,"F",325,"E","ttt","F","F",FALSE,NA,NA," ",12,12,0.0526315789473684,0.0526315789473684,FALSE,FALSE,FALSE,FALSE,FALSE,FALSE,FALSE,FALSE,FALSE,FALSE,FALSE,FALSE
9,"G",339,"G",326,"E","ggt","G","G",FALSE,NA,NA,"H",46,46,0.474226804123711,0.474226804123711,FALSE,FALSE,FALSE,FALSE,FALSE,FALSE,FALSE,FALSE,FALSE,FALSE,TRUE,FALSE
10,"E",340,"E",327,"E","gaa","E","E",FALSE,NA,NA,"H",108,108,0.504672897196262,0.504672897196262,FALSE,FALSE,FALSE,FALSE,FALSE,FALSE,FALSE,FALSE,FALSE,FALSE,TRUE,FALSE
11,"V",341,"V",328,"E","gtt","V","V",FALSE,NA,NA,"H",11,11,0.0666666666666667,0.0666666666666667,FALSE,FALSE,FALSE,FALSE,FALSE,FALSE,FALSE,FALSE,FALSE,FALSE,FALSE,FALSE
12,"F",342,"F",329,"E","ttt","F","F",FALSE,NA,NA,"H",16,16,0.0701754385964912,0.0701754385964912,FALSE,FALSE,FALSE,FALSE,FALSE,FALSE,FALSE,FALSE,FALSE,FALSE,FALSE,FALSE
13,"N",343,"N",330,"E","aac","N","N",FALSE,NA,"putative2","S",140,140,0.748663101604278,0.748663101604278,FALSE,FALSE,FALSE,FALSE,FALSE,FALSE,FALSE,FALSE,FALSE,FALSE,TRUE,FALSE
14,"A",344,"A",331,"E","gcc","A","A",FALSE,NA,NA," ",32,32,0.264462809917355,0.264462809917355,FALSE,FALSE,FALSE,FALSE,FALSE,FALSE,FALSE,FALSE,FALSE,FALSE,TRUE,FALSE
15,"T",345,"T",332,"E","acc","T","T",FALSE,NA,"putative2","S",135,135,0.828220858895706,0.828220858895706,FALSE,FALSE,FALSE,FALSE,FALSE,FALSE,FALSE,FALSE,FALSE,FALSE,TRUE,FALSE
16,"R",346,"K",333,"E","aga","T","T",FALSE,NA,NA,"S",157,157,0.592452830188679,0.592452830188679,FALSE,FALSE,FALSE,FALSE,FALSE,FALSE,FALSE,FALSE,FALSE,FALSE,TRUE,FALSE
17,"F",347,"F",334,"E","ttt","F","F",FALSE,NA,NA," ",9,9,0.0394736842105263,0.0394736842105263,FALSE,FALSE,FALSE,FALSE,FALSE,FALSE,FALSE,FALSE,FALSE,FALSE,FALSE,FALSE
18,"A",348,"P",335,"E","gca","A","A",FALSE,NA,NA," ",18,18,0.148760330578512,0.148760330578512,FALSE,FALSE,FALSE,FALSE,FALSE,FALSE,FALSE,FALSE,FALSE,FALSE,FALSE,FALSE
19,"S",349,"S",336,"E","tct","S","S",FALSE,NA,NA,"B",17,17,0.118881118881119,0.118881118881119,FALSE,FALSE,FALSE,FALSE,FALSE,FALSE,FALSE,FALSE,FALSE,FALSE,FALSE,FALSE
20,"V",350,"V",337,"E","gtt","V","V",FALSE,NA,NA,"G",0,0,0,0,FALSE,FALSE,FALSE,FALSE,FALSE,FALSE,FALSE,FALSE,FALSE,FALSE,FALSE,FALSE
21,"Y",351,"Y",338,"E","tat","Y","Y",FALSE,NA,NA,"G",43,43,0.168627450980392,0.168627450980392,FALSE,FALSE,FALSE,FALSE,FALSE,FALSE,FALSE,FALSE,FALSE,FALSE,FALSE,FALSE
22,"A",352,"A",339,"E","gct","A","A",FALSE,NA,NA,"G",29,29,0.239669421487603,0.239669421487603,FALSE,FALSE,FALSE,FALSE,FALSE,FALSE,FALSE,FALSE,FALSE,FALSE,FALSE,FALSE
23,"W",353,"W",340,"E","tgg","W","W",FALSE,NA,NA," ",4,4,0.0151515151515152,0.0151515151515152,FALSE,FALSE,FALSE,FALSE,FALSE,FALSE,FALSE,FALSE,FALSE,FALSE,FALSE,FALSE
24,"N",354,"E",341,"E","aac","N","N",FALSE,NA,"surfaceN","E",92,92,0.491978609625668,0.491978609625668,FALSE,FALSE,FALSE,FALSE,FALSE,FALSE,FALSE,FALSE,FALSE,FALSE,FALSE,FALSE
25,"R",355,"R",342,"E","agg","R","R",FALSE,NA,NA,"E",82,82,0.309433962264151,0.309433962264151,FALSE,FALSE,FALSE,FALSE,FALSE,FALSE,FALSE,FALSE,FALSE,FALSE,FALSE,TRUE
26,"K",356,"K",343,"E","aag","K","K",FALSE,NA,NA,"E",73,73,0.317391304347826,0.317391304347826,FALSE,FALSE,FALSE,FALSE,FALSE,FALSE,FALSE,FALSE,FALSE,FALSE,TRUE,FALSE
27,"R",357,"K",344,"E","aga","R","R",FALSE,NA,NA,"E",144,144,0.543396226415094,0.543396226415094,FALSE,FALSE,FALSE,FALSE,FALSE,FALSE,FALSE,FALSE,FALSE,FALSE,TRUE,FALSE
28,"I",358,"I",345,"E","atc","I","I",FALSE,NA,NA,"E",1,1,0.00512820512820513,0.00512820512820513,FALSE,FALSE,FALSE,FALSE,FALSE,FALSE,FALSE,FALSE,FALSE,FALSE,FALSE,FALSE
29,"S",359,"S",346,"E","agc","S","S",FALSE,NA,NA," ",32,32,0.223776223776224,0.223776223776224,FALSE,FALSE,FALSE,FALSE,FALSE,FALSE,FALSE,FALSE,FALSE,FALSE,TRUE,FALSE
30,"N",360,"N",347,"E","aac","N","N",FALSE,NA,"surfaceN","S",122,122,0.6524064171123,0.6524064171123,FALSE,FALSE,FALSE,FALSE,FALSE,FALSE,FALSE,FALSE,FALSE,FALSE,TRUE,FALSE
31,"C",361,"C",348,"E","tgt","C","C",FALSE,1,NA,"E",14,14,0.0945945945945946,0.0945945945945946,FALSE,FALSE,FALSE,FALSE,FALSE,FALSE,FALSE,FALSE,FALSE,FALSE,TRUE,FALSE
32,"V",362,"V",349,"E","gtt","V","V",FALSE,NA,NA,"E",47,47,0.284848484848485,0.284848484848485,FALSE,FALSE,FALSE,FALSE,FALSE,FALSE,FALSE,FALSE,FALSE,FALSE,FALSE,FALSE
33,"A",363,"A",350,"E","gct","A","A",FALSE,NA,NA," ",1,1,0.00826446280991736,0.00826446280991736,FALSE,FALSE,FALSE,FALSE,FALSE,FALSE,FALSE,FALSE,FALSE,FALSE,FALSE,FALSE
34,"D",364,"D",351,"E","gat","D","D",FALSE,NA,NA," ",75,75,0.401069518716578,0.401069518716578,FALSE,FALSE,FALSE,FALSE,FALSE,FALSE,FALSE,FALSE,FALSE,FALSE,FALSE,FALSE
35,"Y",365,"Y",352,"E","tat","Y","Y",FALSE,NA,NA,"H",11,11,0.0431372549019608,0.0431372549019608,FALSE,FALSE,FALSE,FALSE,FALSE,FALSE,FALSE,FALSE,FALSE,FALSE,FALSE,FALSE
36,"S",366,"S",353,"E","tct","S","S",FALSE,NA,NA,"H",29,29,0.202797202797203,0.202797202797203,FALSE,FALSE,FALSE,FALSE,FALSE,FALSE,FALSE,FALSE,FALSE,FALSE,FALSE,FALSE
37,"V",367,"V",354,"E","gtc","V","V",FALSE,NA,NA,"H",87,87,0.527272727272727,0.527272727272727,FALSE,FALSE,FALSE,FALSE,FALSE,FALSE,FALSE,FALSE,FALSE,FALSE,FALSE,FALSE
38,"L",368,"L",355,"E","cta","L","L",FALSE,NA,NA,"H",25,25,0.130890052356021,0.130890052356021,FALSE,FALSE,FALSE,FALSE,FALSE,FALSE,FALSE,FALSE,FALSE,FALSE,FALSE,FALSE
39,"Y",369,"Y",356,"E","tat","Y","Y",FALSE,NA,NA,"H",101,101,0.396078431372549,0.396078431372549,FALSE,FALSE,FALSE,TRUE,TRUE,FALSE,FALSE,FALSE,FALSE,FALSE,FALSE,TRUE
40,"N",370,"N",357,"E","aat","N","N",FALSE,NA,"SARS-CoV-1","T",116,116,0.620320855614973,0.620320855614973,FALSE,FALSE,FALSE,TRUE,TRUE,FALSE,FALSE,FALSE,FALSE,FALSE,FALSE,TRUE
41,"S",371,"S",358,"E","tcc","S","S",FALSE,NA,NA,"T",66,66,0.461538461538462,0.461538461538462,FALSE,FALSE,FALSE,TRUE,TRUE,FALSE,FALSE,FALSE,FALSE,FALSE,FALSE,FALSE
42,"A",372,"T",359,"E","gca","T","T",FALSE,NA,"SARS-CoV-1"," ",96,96,0.793388429752066,0.793388429752066,FALSE,FALSE,FALSE,TRUE,TRUE,FALSE,TRUE,TRUE,FALSE,FALSE,FALSE,FALSE
43,"S",373,"F",360,"E","tca","S","S",FALSE,NA,NA," ",69,69,0.482517482517482,0.482517482517482,FALSE,FALSE,FALSE,FALSE,FALSE,FALSE,FALSE,FALSE,FALSE,FALSE,FALSE,FALSE
44,"F",374,"F",361,"E","ttt","F","F",FALSE,NA,NA," ",47,47,0.206140350877193,0.206140350877193,FALSE,FALSE,FALSE,TRUE,TRUE,FALSE,FALSE,FALSE,FALSE,FALSE,FALSE,FALSE
45,"S",375,"S",362,"E","tcc","S","S",FALSE,NA,NA,"S",69,69,0.482517482517482,0.482517482517482,FALSE,FALSE,FALSE,FALSE,TRUE,FALSE,TRUE,TRUE,FALSE,FALSE,FALSE,FALSE
46,"T",376,"T",363,"E","act","T","T",FALSE,NA,NA,"E",34,34,0.208588957055215,0.208588957055215,FALSE,FALSE,FALSE,FALSE,TRUE,FALSE,TRUE,FALSE,FALSE,FALSE,FALSE,FALSE
47,"F",377,"F",364,"E","ttt","F","F",FALSE,NA,NA,"E",20,20,0.087719298245614,0.087719298245614,FALSE,FALSE,FALSE,TRUE,TRUE,FALSE,FALSE,FALSE,FALSE,FALSE,FALSE,FALSE
48,"K",378,"K",365,"E","aag","K","K",FALSE,NA,NA,"E",112,112,0.48695652173913,0.48695652173913,FALSE,FALSE,FALSE,TRUE,TRUE,FALSE,TRUE,FALSE,FALSE,FALSE,FALSE,FALSE
49,"C",379,"C",366,"E","tgt","C","C",FALSE,2,NA,"E",36,36,0.243243243243243,0.243243243243243,FALSE,FALSE,FALSE,TRUE,TRUE,FALSE,FALSE,FALSE,FALSE,FALSE,FALSE,FALSE
50,"Y",380,"Y",367,"E","tat","Y","Y",FALSE,NA,NA,"S",94,94,0.368627450980392,0.368627450980392,FALSE,FALSE,FALSE,TRUE,FALSE,FALSE,FALSE,FALSE,FALSE,FALSE,FALSE,FALSE
51,"G",381,"G",368,"E","gga","G","G",FALSE,NA,NA,"S",49,49,0.505154639175258,0.505154639175258,FALSE,FALSE,FALSE,TRUE,FALSE,FALSE,FALSE,FALSE,FALSE,FALSE,FALSE,TRUE
52,"V",382,"V",369,"E","gtg","V","V",FALSE,NA,NA,"S",76,76,0.460606060606061,0.460606060606061,FALSE,FALSE,FALSE,TRUE,FALSE,FALSE,FALSE,FALSE,FALSE,FALSE,FALSE,TRUE
53,"S",383,"S",370,"E","tct","S","S",FALSE,NA,NA," ",49,49,0.342657342657343,0.342657342657343,FALSE,FALSE,FALSE,TRUE,FALSE,FALSE,FALSE,FALSE,FALSE,FALSE,FALSE,TRUE
54,"P",384,"A",371,"E","cct","P","P",FALSE,NA,NA,"H",13,13,0.0844155844155844,0.0844155844155844,FALSE,FALSE,FALSE,TRUE,TRUE,FALSE,FALSE,FALSE,FALSE,FALSE,FALSE,FALSE
55,"T",385,"T",372,"E","act","T","T",FALSE,NA,NA,"H",79,79,0.484662576687117,0.484662576687117,FALSE,FALSE,FALSE,TRUE,TRUE,FALSE,FALSE,FALSE,FALSE,FALSE,FALSE,TRUE
56,"K",386,"K",373,"E","aaa","K","K",FALSE,NA,NA,"H",137,137,0.595652173913043,0.595652173913043,FALSE,FALSE,FALSE,TRUE,FALSE,FALSE,FALSE,FALSE,FALSE,FALSE,FALSE,TRUE
57,"L",387,"L",374,"E","tta","L","L",FALSE,NA,NA,"H",10,10,0.0523560209424084,0.0523560209424084,FALSE,FALSE,FALSE,FALSE,FALSE,FALSE,FALSE,FALSE,FALSE,FALSE,FALSE,FALSE
58,"N",388,"N",375,"E","aat","N","N",FALSE,NA,"surfaceN","T",14,14,0.0748663101604278,0.0748663101604278,FALSE,FALSE,FALSE,FALSE,FALSE,FALSE,FALSE,FALSE,FALSE,FALSE,FALSE,FALSE
59,"D",389,"D",376,"E","gat","D","D",FALSE,NA,NA,"S",139,139,0.74331550802139,0.74331550802139,FALSE,FALSE,FALSE,FALSE,FALSE,FALSE,FALSE,FALSE,FALSE,FALSE,FALSE,TRUE
60,"L",390,"L",377,"E","ctc","L","L",FALSE,NA,NA," ",75,75,0.392670157068063,0.392670157068063,FALSE,FALSE,FALSE,TRUE,FALSE,FALSE,FALSE,FALSE,FALSE,FALSE,FALSE,TRUE
61,"C",391,"C",378,"E","tgc","C","C",FALSE,3,NA," ",50,50,0.337837837837838,0.337837837837838,FALSE,FALSE,FALSE,FALSE,FALSE,FALSE,FALSE,FALSE,FALSE,FALSE,FALSE,TRUE
62,"F",392,"F",379,"E","ttt","F","F",FALSE,NA,NA,"B",30,30,0.131578947368421,0.131578947368421,FALSE,FALSE,FALSE,FALSE,FALSE,FALSE,FALSE,FALSE,FALSE,FALSE,FALSE,FALSE
63,"T",393,"S",380,"E","act","T","T",FALSE,NA,NA,"S",10,10,0.0613496932515337,0.0613496932515337,FALSE,FALSE,FALSE,FALSE,FALSE,FALSE,FALSE,FALSE,FALSE,FALSE,FALSE,FALSE
64,"N",394,"N",381,"E","aat","N","N",FALSE,NA,"surfaceN","E",11,11,0.0588235294117647,0.0588235294117647,FALSE,FALSE,FALSE,FALSE,FALSE,FALSE,FALSE,FALSE,FALSE,FALSE,FALSE,FALSE
65,"V",395,"V",382,"E","gtc","V","V",FALSE,NA,NA,"E",0,0,0,0,FALSE,FALSE,FALSE,FALSE,FALSE,FALSE,FALSE,FALSE,FALSE,FALSE,FALSE,FALSE
66,"Y",396,"Y",383,"E","tat","Y","Y",FALSE,NA,NA,"E",47,47,0.184313725490196,0.184313725490196,FALSE,FALSE,FALSE,FALSE,FALSE,FALSE,FALSE,FALSE,FALSE,FALSE,FALSE,TRUE
67,"A",397,"A",384,"E","gca","A","A",FALSE,NA,NA,"E",1,1,0.00826446280991736,0.00826446280991736,FALSE,FALSE,FALSE,FALSE,FALSE,FALSE,FALSE,FALSE,FALSE,FALSE,FALSE,FALSE
68,"D",398,"D",385,"E","gat","D","D",FALSE,NA,NA,"E",0,0,0,0,FALSE,FALSE,FALSE,FALSE,FALSE,FALSE,FALSE,FALSE,FALSE,FALSE,FALSE,FALSE
69,"S",399,"S",386,"E","tca","S","S",FALSE,NA,NA,"E",12,12,0.0839160839160839,0.0839160839160839,FALSE,FALSE,FALSE,FALSE,FALSE,FALSE,FALSE,FALSE,FALSE,FALSE,FALSE,FALSE
70,"F",400,"F",387,"E","ttt","F","F",FALSE,NA,NA,"E",0,0,0,0,FALSE,FALSE,FALSE,FALSE,FALSE,FALSE,FALSE,FALSE,FALSE,FALSE,FALSE,FALSE
71,"V",401,"V",388,"E","gta","V","V",FALSE,NA,NA,"E",0,0,0,0,FALSE,FALSE,FALSE,FALSE,FALSE,FALSE,FALSE,FALSE,FALSE,FALSE,FALSE,FALSE
72,"I",402,"V",389,"E","att","I","V",FALSE,NA,NA,"E",0,0,0,0,FALSE,FALSE,FALSE,FALSE,FALSE,FALSE,FALSE,FALSE,FALSE,FALSE,FALSE,FALSE
73,"R",403,"K",390,"E","aga","T","R",FALSE,NA,NA,"E",48,53,0.181132075471698,0.2,FALSE,FALSE,FALSE,FALSE,FALSE,FALSE,TRUE,FALSE,FALSE,TRUE,FALSE,FALSE
74,"G",404,"G",391,"E","ggt","G","G",FALSE,NA,NA,"G",19,19,0.195876288659794,0.195876288659794,FALSE,FALSE,FALSE,FALSE,TRUE,FALSE,TRUE,TRUE,FALSE,FALSE,FALSE,FALSE
75,"D",405,"D",392,"E","gat","D","D",FALSE,NA,NA,"G",70,70,0.374331550802139,0.374331550802139,FALSE,FALSE,FALSE,FALSE,FALSE,FALSE,TRUE,TRUE,FALSE,TRUE,FALSE,FALSE
76,"E",406,"D",393,"E","gaa","E","E",FALSE,NA,NA,"G",18,18,0.0841121495327103,0.0841121495327103,FALSE,FALSE,FALSE,FALSE,FALSE,FALSE,FALSE,FALSE,FALSE,TRUE,FALSE,FALSE
77,"V",407,"V",394,"E","gtc","V","V",FALSE,NA,NA,"G",17,17,0.103030303030303,0.103030303030303,FALSE,FALSE,FALSE,FALSE,FALSE,FALSE,FALSE,FALSE,FALSE,FALSE,FALSE,FALSE
78,"R",408,"R",395,"E","aga","R","R",FALSE,NA,NA,"G",169,169,0.637735849056604,0.637735849056604,FALSE,FALSE,FALSE,FALSE,TRUE,FALSE,TRUE,FALSE,FALSE,FALSE,FALSE,FALSE
79,"Q",409,"Q",396,"E","caa","Q","Q",FALSE,NA,NA,"G",27,27,0.126168224299065,0.126168224299065,FALSE,FALSE,FALSE,FALSE,FALSE,FALSE,FALSE,FALSE,FALSE,TRUE,FALSE,FALSE
80,"I",410,"I",397,"E","atc","I","I",FALSE,NA,NA,"S",3,3,0.0153846153846154,0.0153846153846154,FALSE,FALSE,FALSE,FALSE,FALSE,FALSE,FALSE,FALSE,FALSE,FALSE,FALSE,FALSE
81,"A",411,"A",398,"E","gct","A","A",FALSE,NA,NA,"S",10,10,0.0826446280991736,0.0826446280991736,FALSE,FALSE,FALSE,FALSE,FALSE,FALSE,FALSE,FALSE,FALSE,FALSE,FALSE,FALSE
82,"P",412,"P",399,"E","cca","P","P",FALSE,NA,NA,"T",30,30,0.194805194805195,0.194805194805195,FALSE,FALSE,FALSE,FALSE,FALSE,FALSE,FALSE,FALSE,FALSE,FALSE,FALSE,FALSE
83,"G",413,"G",400,"E","ggg","G","G",FALSE,NA,NA,"T",55,55,0.56701030927835,0.56701030927835,FALSE,FALSE,FALSE,FALSE,FALSE,FALSE,FALSE,FALSE,FALSE,FALSE,FALSE,TRUE
84,"Q",414,"Q",401,"E","caa","Q","Q",FALSE,NA,NA," ",79,79,0.369158878504673,0.369158878504673,FALSE,FALSE,FALSE,FALSE,FALSE,FALSE,FALSE,FALSE,FALSE,FALSE,FALSE,FALSE
85,"T",415,"T",402,"E","act","T","T",FALSE,NA,NA," ",107,107,0.656441717791411,0.656441717791411,FALSE,FALSE,FALSE,FALSE,FALSE,TRUE,FALSE,FALSE,FALSE,TRUE,FALSE,TRUE
86,"G",416,"G",403,"E","gga","G","G",FALSE,NA,NA,"S",21,21,0.216494845360825,0.216494845360825,FALSE,FALSE,FALSE,FALSE,FALSE,TRUE,FALSE,FALSE,FALSE,TRUE,FALSE,TRUE
87,"K",417,"V",404,"E","aag","K","R",FALSE,NA,NA,"H",44,76,0.191304347826087,0.330434782608696,TRUE,FALSE,FALSE,FALSE,FALSE,TRUE,FALSE,FALSE,FALSE,TRUE,FALSE,TRUE
88,"I",418,"I",405,"E","att","I","I",FALSE,NA,NA,"H",0,0,0,0,FALSE,FALSE,FALSE,FALSE,FALSE,FALSE,FALSE,FALSE,FALSE,FALSE,FALSE,FALSE
89,"A",419,"A",406,"E","gct","A","A",FALSE,NA,NA,"H",2,2,0.0165289256198347,0.0165289256198347,FALSE,FALSE,FALSE,FALSE,FALSE,FALSE,FALSE,FALSE,FALSE,FALSE,FALSE,FALSE
90,"D",420,"D",407,"E","gat","D","D",FALSE,NA,NA,"H",27,27,0.144385026737968,0.144385026737968,FALSE,FALSE,FALSE,FALSE,FALSE,TRUE,FALSE,FALSE,FALSE,TRUE,FALSE,FALSE
91,"Y",421,"Y",408,"E","tat","Y","Y",FALSE,NA,NA,"H",41,41,0.16078431372549,0.16078431372549,FALSE,FALSE,FALSE,FALSE,FALSE,TRUE,FALSE,FALSE,FALSE,TRUE,FALSE,TRUE
92,"N",422,"N",409,"E","aat","N","N",FALSE,NA,"surfaceN","T",1,1,0.0053475935828877,0.0053475935828877,FALSE,FALSE,FALSE,FALSE,FALSE,FALSE,FALSE,FALSE,FALSE,FALSE,FALSE,FALSE
93,"Y",423,"Y",410,"E","tat","Y","Y",FALSE,NA,NA," ",1,1,0.00392156862745098,0.00392156862745098,FALSE,FALSE,FALSE,FALSE,FALSE,FALSE,FALSE,FALSE,FALSE,FALSE,FALSE,FALSE
94,"K",424,"K",411,"E","aaa","K","K",FALSE,NA,NA," ",36,36,0.156521739130435,0.156521739130435,FALSE,FALSE,FALSE,FALSE,FALSE,FALSE,FALSE,FALSE,FALSE,FALSE,FALSE,FALSE
95,"L",425,"L",412,"E","tta","L","L",FALSE,NA,NA," ",8,8,0.0418848167539267,0.0418848167539267,FALSE,FALSE,FALSE,FALSE,FALSE,FALSE,FALSE,FALSE,FALSE,FALSE,FALSE,FALSE
96,"P",426,"P",413,"E","cca","P","P",FALSE,NA,NA," ",19,19,0.123376623376623,0.123376623376623,FALSE,FALSE,FALSE,FALSE,FALSE,FALSE,FALSE,FALSE,FALSE,FALSE,FALSE,FALSE
97,"D",427,"D",414,"E","gat","D","D",FALSE,NA,NA,"T",140,140,0.748663101604278,0.748663101604278,FALSE,FALSE,FALSE,FALSE,FALSE,FALSE,FALSE,FALSE,FALSE,FALSE,FALSE,FALSE
98,"D",428,"D",415,"E","gat","D","D",FALSE,NA,NA,"T",137,137,0.732620320855615,0.732620320855615,FALSE,FALSE,FALSE,FALSE,FALSE,FALSE,FALSE,FALSE,FALSE,FALSE,FALSE,FALSE
99,"F",429,"F",416,"E","ttt","F","F",FALSE,NA,NA," ",12,12,0.0526315789473684,0.0526315789473684,FALSE,FALSE,FALSE,TRUE,FALSE,FALSE,FALSE,FALSE,FALSE,FALSE,FALSE,FALSE
100,"T",430,"M",417,"E","aca","T","T",FALSE,NA,NA," ",73,73,0.447852760736196,0.447852760736196,FALSE,FALSE,FALSE,TRUE,FALSE,FALSE,FALSE,FALSE,FALSE,FALSE,FALSE,FALSE
101,"G",431,"G",418,"E","ggc","G","G",FALSE,NA,NA,"S",1,1,0.0103092783505155,0.0103092783505155,FALSE,FALSE,FALSE,FALSE,FALSE,FALSE,FALSE,FALSE,FALSE,FALSE,FALSE,FALSE
102,"C",432,"C",419,"E","tgc","C","C",FALSE,2,NA,"E",3,3,0.0202702702702703,0.0202702702702703,FALSE,FALSE,FALSE,FALSE,FALSE,FALSE,FALSE,FALSE,FALSE,FALSE,FALSE,FALSE
103,"V",433,"V",420,"E","gtt","V","V",FALSE,NA,NA,"E",3,3,0.0181818181818182,0.0181818181818182,FALSE,FALSE,FALSE,FALSE,FALSE,FALSE,FALSE,FALSE,FALSE,FALSE,FALSE,FALSE
104,"I",434,"L",421,"E","ata","I","I",FALSE,NA,NA,"E",0,0,0,0,FALSE,FALSE,FALSE,FALSE,FALSE,FALSE,FALSE,FALSE,FALSE,FALSE,FALSE,FALSE
105,"A",435,"A",422,"E","gct","A","A",FALSE,NA,NA,"E",0,0,0,0,FALSE,FALSE,FALSE,FALSE,FALSE,FALSE,FALSE,FALSE,FALSE,FALSE,FALSE,FALSE
106,"W",436,"W",423,"E","tgg","W","W",FALSE,NA,NA,"E",38,38,0.143939393939394,0.143939393939394,FALSE,FALSE,FALSE,FALSE,FALSE,FALSE,FALSE,FALSE,FALSE,FALSE,FALSE,FALSE
107,"N",437,"N",424,"E","aat","N","N",TRUE,NA,"surfaceN","E",50,50,0.267379679144385,0.267379679144385,FALSE,FALSE,FALSE,FALSE,TRUE,FALSE,FALSE,TRUE,FALSE,FALSE,FALSE,FALSE
108,"S",438,"T",425,"E","tct","S","S",TRUE,NA,NA," ",0,0,0,0,FALSE,FALSE,FALSE,FALSE,FALSE,FALSE,FALSE,FALSE,FALSE,FALSE,FALSE,FALSE
109,"N",439,"R",426,"E","aac","K","N",TRUE,NA,"surfaceN","H",28,28,0.149732620320856,0.149732620320856,FALSE,TRUE,FALSE,FALSE,FALSE,FALSE,TRUE,TRUE,TRUE,FALSE,FALSE,FALSE
110,"N",440,"N",427,"E","aat","H","N",TRUE,NA,"surfaceN","H",128,128,0.684491978609626,0.684491978609626,FALSE,FALSE,FALSE,FALSE,FALSE,FALSE,FALSE,TRUE,FALSE,FALSE,FALSE,FALSE
111,"L",441,"I",428,"E","ctt","I","L",TRUE,NA,NA,"H",97,97,0.507853403141361,0.507853403141361,FALSE,FALSE,FALSE,FALSE,FALSE,FALSE,FALSE,FALSE,FALSE,FALSE,TRUE,FALSE
112,"D",442,"D",429,"E","gat","D","D",TRUE,NA,NA,"H",5,5,0.0267379679144385,0.0267379679144385,FALSE,FALSE,FALSE,FALSE,FALSE,FALSE,FALSE,FALSE,FALSE,FALSE,FALSE,FALSE
113,"S",443,"A",430,"E","tct","A","S",TRUE,NA,NA," ",15,15,0.104895104895105,0.104895104895105,FALSE,FALSE,FALSE,FALSE,FALSE,FALSE,FALSE,FALSE,FALSE,FALSE,FALSE,FALSE
114,"K",444,"T",431,"E","aag","K","K",TRUE,NA,NA," ",130,130,0.565217391304348,0.565217391304348,FALSE,FALSE,FALSE,FALSE,FALSE,FALSE,FALSE,FALSE,FALSE,FALSE,FALSE,FALSE
115,"V",445,"S",432,"E","gtt","E","V",TRUE,NA,NA,"T",118,127,0.715151515151515,0.76969696969697,FALSE,FALSE,FALSE,FALSE,FALSE,FALSE,FALSE,FALSE,TRUE,FALSE,FALSE,FALSE
116,"G",446,"T",433,"E","ggt","G","G",TRUE,NA,NA,"T",53,63,0.54639175257732,0.649484536082474,TRUE,FALSE,FALSE,FALSE,FALSE,FALSE,FALSE,FALSE,TRUE,FALSE,FALSE,FALSE
117,"G",447,"G",434,"E","ggt","G","G",TRUE,NA,NA," ",5,5,0.0515463917525773,0.0515463917525773,FALSE,FALSE,FALSE,FALSE,FALSE,FALSE,FALSE,FALSE,FALSE,FALSE,FALSE,FALSE
118,"N",448,"N",435,"E","aat","N","N",TRUE,NA,"surfaceN","B",23,23,0.122994652406417,0.122994652406417,FALSE,FALSE,FALSE,FALSE,FALSE,FALSE,FALSE,FALSE,FALSE,FALSE,FALSE,FALSE
119,"Y",449,"Y",436,"E","tat","F","Y",TRUE,NA,NA," ",90,135,0.352941176470588,0.529411764705882,TRUE,TRUE,FALSE,FALSE,FALSE,FALSE,TRUE,FALSE,TRUE,FALSE,FALSE,FALSE
120,"N",450,"N",437,"E","aat","N","N",TRUE,NA,"surfaceN"," ",56,56,0.299465240641711,0.299465240641711,FALSE,FALSE,FALSE,FALSE,FALSE,FALSE,FALSE,FALSE,FALSE,FALSE,FALSE,FALSE
121,"Y",451,"Y",438,"E","tac","Y","Y",TRUE,NA,NA," ",2,2,0.00784313725490196,0.00784313725490196,FALSE,FALSE,FALSE,FALSE,FALSE,FALSE,FALSE,FALSE,FALSE,FALSE,FALSE,FALSE
122,"L",452,"K",439,"E","ctg","L","L",TRUE,NA,NA,"E",42,42,0.219895287958115,0.219895287958115,FALSE,FALSE,FALSE,FALSE,FALSE,FALSE,FALSE,FALSE,TRUE,FALSE,FALSE,FALSE
123,"Y",453,"Y",440,"E","tat","Y","Y",TRUE,NA,NA,"E",14,42,0.0549019607843137,0.164705882352941,TRUE,TRUE,FALSE,FALSE,FALSE,FALSE,FALSE,FALSE,FALSE,TRUE,FALSE,FALSE
124,"R",454,"R",441,"E","aga","R","R",TRUE,NA,NA,"E",4,4,0.0150943396226415,0.0150943396226415,FALSE,FALSE,FALSE,FALSE,FALSE,TRUE,FALSE,FALSE,FALSE,FALSE,FALSE,FALSE
125,"L",455,"Y",442,"E","ttg","L","L",TRUE,NA,NA," ",0,37,0,0.193717277486911,TRUE,TRUE,TRUE,FALSE,FALSE,TRUE,FALSE,FALSE,TRUE,TRUE,FALSE,FALSE
126,"F",456,"L",443,"E","ttt","F","F",TRUE,NA,NA," ",6,51,0.0263157894736842,0.223684210526316,TRUE,TRUE,FALSE,FALSE,FALSE,TRUE,FALSE,FALSE,FALSE,TRUE,FALSE,FALSE
127,"R",457,"R",444,"E","agg","R","R",TRUE,NA,NA," ",42,42,0.158490566037736,0.158490566037736,FALSE,FALSE,FALSE,FALSE,FALSE,TRUE,FALSE,FALSE,FALSE,TRUE,FALSE,FALSE
128,"K",458,"H",445,"E","aag","K","K",TRUE,NA,NA,"S",145,145,0.630434782608696,0.630434782608696,FALSE,FALSE,FALSE,FALSE,FALSE,TRUE,FALSE,FALSE,FALSE,TRUE,FALSE,FALSE
129,"S",459,"G",446,"E","tct","A","S",TRUE,NA,NA,"S",67,67,0.468531468531469,0.468531468531469,FALSE,FALSE,FALSE,FALSE,FALSE,TRUE,FALSE,FALSE,FALSE,TRUE,FALSE,FALSE
130,"N",460,"K",447,"E","aat","N","N",TRUE,NA,"surfaceN"," ",79,79,0.422459893048128,0.422459893048128,FALSE,FALSE,FALSE,FALSE,FALSE,TRUE,FALSE,FALSE,FALSE,TRUE,FALSE,FALSE
131,"L",461,"L",448,"E","ctc","L","L",TRUE,NA,NA," ",5,5,0.0261780104712042,0.0261780104712042,FALSE,FALSE,FALSE,FALSE,FALSE,FALSE,FALSE,FALSE,FALSE,FALSE,FALSE,FALSE
132,"K",462,"R",449,"E","aaa","K","K",TRUE,NA,NA," ",150,150,0.652173913043478,0.652173913043478,FALSE,FALSE,FALSE,FALSE,FALSE,FALSE,FALSE,FALSE,FALSE,FALSE,FALSE,FALSE
133,"P",463,"P",450,"E","cct","P","P",TRUE,NA,NA,"T",65,65,0.422077922077922,0.422077922077922,FALSE,FALSE,FALSE,FALSE,FALSE,FALSE,FALSE,FALSE,FALSE,FALSE,FALSE,FALSE
134,"F",464,"F",451,"E","ttt","F","F",TRUE,NA,NA,"T",58,58,0.254385964912281,0.254385964912281,FALSE,FALSE,FALSE,FALSE,FALSE,FALSE,FALSE,FALSE,FALSE,FALSE,FALSE,FALSE
135,"E",465,"E",452,"E","gag","E","E",TRUE,NA,NA," ",61,61,0.285046728971963,0.285046728971963,FALSE,FALSE,FALSE,FALSE,FALSE,FALSE,FALSE,FALSE,FALSE,FALSE,FALSE,FALSE
136,"R",466,"R",453,"E","aga","R","R",TRUE,NA,NA," ",107,107,0.40377358490566,0.40377358490566,FALSE,FALSE,FALSE,FALSE,FALSE,FALSE,FALSE,FALSE,FALSE,FALSE,FALSE,FALSE
137,"D",467,"D",454,"E","gat","D","D",TRUE,NA,NA," ",29,29,0.155080213903743,0.155080213903743,FALSE,FALSE,FALSE,FALSE,FALSE,FALSE,FALSE,FALSE,FALSE,FALSE,FALSE,FALSE
138,"I",468,"I",455,"E","att","I","I",TRUE,NA,NA," ",103,103,0.528205128205128,0.528205128205128,FALSE,FALSE,FALSE,FALSE,FALSE,FALSE,FALSE,FALSE,FALSE,FALSE,FALSE,FALSE
139,"S",469,"S",456,"E","tca","S","S",TRUE,NA,NA," ",46,46,0.321678321678322,0.321678321678322,FALSE,FALSE,FALSE,FALSE,FALSE,FALSE,FALSE,FALSE,FALSE,FALSE,FALSE,FALSE
140,"T",470,"N",457,"E","act","T","T",TRUE,NA,NA," ",85,85,0.521472392638037,0.521472392638037,FALSE,FALSE,FALSE,FALSE,FALSE,FALSE,FALSE,FALSE,TRUE,FALSE,FALSE,FALSE
141,"E",471,"V",458,"E","gaa","E","E",TRUE,NA,NA," ",132,132,0.616822429906542,0.616822429906542,FALSE,FALSE,FALSE,FALSE,FALSE,FALSE,FALSE,FALSE,FALSE,FALSE,FALSE,FALSE
142,"I",472,"P",459,"E","atc","I","I",TRUE,NA,NA," ",27,27,0.138461538461538,0.138461538461538,FALSE,FALSE,FALSE,FALSE,FALSE,FALSE,FALSE,FALSE,FALSE,FALSE,FALSE,FALSE
143,"Y",473,"F",460,"E","tat","Y","Y",TRUE,NA,NA,"E",52,62,0.203921568627451,0.243137254901961,FALSE,FALSE,FALSE,FALSE,FALSE,TRUE,FALSE,FALSE,FALSE,TRUE,FALSE,FALSE
144,"Q",474,"S",461,"E","cag","Q","Q",TRUE,NA,NA,"E",72,72,0.336448598130841,0.336448598130841,FALSE,FALSE,FALSE,FALSE,FALSE,TRUE,FALSE,FALSE,FALSE,TRUE,FALSE,FALSE
145,"A",475,"P",462,"E","gcc","A","A",TRUE,NA,NA," ",11,48,0.0909090909090909,0.396694214876033,TRUE,FALSE,FALSE,FALSE,FALSE,TRUE,FALSE,FALSE,FALSE,TRUE,FALSE,FALSE
146,"G",476,"D",463,"E","ggt","G","G",TRUE,NA,NA,"S",11,20,0.11340206185567,0.206185567010309,FALSE,FALSE,FALSE,FALSE,FALSE,TRUE,FALSE,FALSE,FALSE,TRUE,FALSE,FALSE
147,"S",477,"G",464,"E","agc","S","S",TRUE,NA,NA,"S",109,111,0.762237762237762,0.776223776223776,FALSE,FALSE,FALSE,FALSE,FALSE,TRUE,FALSE,FALSE,FALSE,FALSE,FALSE,FALSE
148,"T",478,"K",465,"E","aca","K","T",TRUE,NA,NA,"S",78,78,0.478527607361963,0.478527607361963,FALSE,FALSE,FALSE,FALSE,FALSE,FALSE,FALSE,FALSE,FALSE,FALSE,FALSE,FALSE
149,"P",479,"P",466,"E","cct","P","P",TRUE,NA,NA," ",87,87,0.564935064935065,0.564935064935065,FALSE,FALSE,FALSE,FALSE,FALSE,FALSE,FALSE,FALSE,FALSE,FALSE,FALSE,FALSE
150,"C",480,"C",467,"E","tgt","C","C",TRUE,4,NA," ",17,17,0.114864864864865,0.114864864864865,FALSE,FALSE,FALSE,FALSE,FALSE,FALSE,FALSE,FALSE,FALSE,FALSE,FALSE,FALSE
151,"N",481,"T",468,"E","aat","N","N",TRUE,NA,"surfaceN","T",147,147,0.786096256684492,0.786096256684492,FALSE,FALSE,FALSE,FALSE,FALSE,FALSE,FALSE,FALSE,FALSE,FALSE,FALSE,FALSE
152,"G",482,"P",469,"E","ggt","G","G",TRUE,NA,NA,"T",59,59,0.608247422680412,0.608247422680412,FALSE,FALSE,FALSE,FALSE,FALSE,FALSE,FALSE,FALSE,TRUE,FALSE,FALSE,FALSE
153,"V",483,NA,NA,"E","gtt","Q","V",TRUE,NA,NA,"S",94,94,0.56969696969697,0.56969696969697,FALSE,FALSE,FALSE,FALSE,FALSE,FALSE,FALSE,FALSE,FALSE,FALSE,FALSE,FALSE
154,"E",484,"P",470,"E","gaa","T","E",TRUE,NA,NA," ",108,124,0.504672897196262,0.579439252336449,FALSE,FALSE,FALSE,FALSE,FALSE,FALSE,FALSE,FALSE,TRUE,TRUE,FALSE,FALSE
155,"G",485,"A",471,"E","ggt","G","G",TRUE,NA,NA,"B",41,41,0.422680412371134,0.422680412371134,FALSE,FALSE,FALSE,FALSE,FALSE,TRUE,FALSE,FALSE,TRUE,FALSE,FALSE,FALSE
156,"F",486,"L",472,"E","ttt","L","F",TRUE,NA,NA,"T",76,174,0.333333333333333,0.763157894736842,TRUE,TRUE,TRUE,FALSE,FALSE,TRUE,FALSE,FALSE,TRUE,TRUE,FALSE,FALSE
157,"N",487,"N",473,"E","aat","N","N",TRUE,NA,"surfaceN","T",4,50,0.0213903743315508,0.267379679144385,TRUE,TRUE,FALSE,FALSE,FALSE,TRUE,FALSE,FALSE,FALSE,TRUE,FALSE,FALSE
158,"C",488,"C",474,"E","tgt","C","C",TRUE,4,NA,"E",6,6,0.0405405405405405,0.0405405405405405,FALSE,FALSE,FALSE,FALSE,FALSE,TRUE,FALSE,FALSE,TRUE,FALSE,FALSE,FALSE
159,"Y",489,"Y",475,"E","tac","Y","Y",TRUE,NA,NA,"E",16,92,0.0627450980392157,0.36078431372549,TRUE,TRUE,FALSE,FALSE,FALSE,TRUE,FALSE,FALSE,TRUE,TRUE,FALSE,FALSE
160,"F",490,"W",476,"E","ttt","Y","F",TRUE,NA,NA," ",70,70,0.307017543859649,0.307017543859649,FALSE,FALSE,FALSE,FALSE,FALSE,FALSE,FALSE,FALSE,TRUE,TRUE,FALSE,FALSE
161,"P",491,"P",477,"E","cct","P","P",TRUE,NA,NA,"S",3,3,0.0194805194805195,0.0194805194805195,FALSE,FALSE,FALSE,FALSE,FALSE,FALSE,FALSE,FALSE,FALSE,FALSE,FALSE,FALSE
162,"L",492,"L",478,"E","tta","L","L",TRUE,NA,NA,"E",5,5,0.0261780104712042,0.0261780104712042,FALSE,FALSE,FALSE,FALSE,FALSE,FALSE,FALSE,FALSE,TRUE,TRUE,FALSE,FALSE
163,"Q",493,"N",479,"E","caa","Y","Q",TRUE,NA,NA,"E",22,84,0.102803738317757,0.392523364485981,TRUE,TRUE,TRUE,FALSE,FALSE,FALSE,FALSE,FALSE,TRUE,TRUE,FALSE,FALSE
164,"S",494,"D",480,"E","tca","R","S",TRUE,NA,NA,"E",41,41,0.286713286713287,0.286713286713287,FALSE,FALSE,TRUE,FALSE,FALSE,FALSE,FALSE,FALSE,TRUE,FALSE,FALSE,FALSE
165,"Y",495,"Y",481,"E","tat","Y","Y",TRUE,NA,NA," ",10,10,0.0392156862745098,0.0392156862745098,FALSE,FALSE,FALSE,FALSE,FALSE,FALSE,FALSE,FALSE,FALSE,TRUE,FALSE,FALSE
166,"G",496,"G",482,"E","ggt","G","G",TRUE,NA,NA," ",4,26,0.0412371134020619,0.268041237113402,TRUE,TRUE,FALSE,FALSE,FALSE,FALSE,TRUE,FALSE,TRUE,TRUE,FALSE,FALSE
167,"F",497,"F",483,"E","ttc","F","F",TRUE,NA,NA,"B",2,2,0.0087719298245614,0.0087719298245614,FALSE,FALSE,FALSE,FALSE,FALSE,FALSE,FALSE,FALSE,FALSE,FALSE,FALSE,FALSE
168,"Q",498,"Y",484,"E","caa","Y","H",TRUE,NA,NA," ",1,56,0.00467289719626168,0.261682242990654,TRUE,TRUE,FALSE,FALSE,FALSE,FALSE,TRUE,FALSE,TRUE,TRUE,FALSE,FALSE
169,"P",499,"T",485,"E","ccc","P","P",TRUE,NA,NA,"T",47,47,0.305194805194805,0.305194805194805,FALSE,FALSE,FALSE,FALSE,FALSE,FALSE,TRUE,FALSE,TRUE,FALSE,FALSE,FALSE
170,"T",500,"T",486,"E","act","T","T",TRUE,NA,NA,"T",30,130,0.184049079754601,0.797546012269939,TRUE,TRUE,FALSE,FALSE,FALSE,FALSE,TRUE,TRUE,TRUE,TRUE,FALSE,FALSE
171,"N",501,"T",487,"E","aat","D","N",TRUE,NA,"surfaceN","S",5,36,0.0267379679144385,0.192513368983957,TRUE,TRUE,TRUE,FALSE,FALSE,FALSE,TRUE,TRUE,TRUE,TRUE,FALSE,FALSE
172,"G",502,"G",488,"E","ggt","G","G",TRUE,NA,NA," ",12,47,0.123711340206186,0.484536082474227,TRUE,TRUE,FALSE,FALSE,FALSE,FALSE,TRUE,TRUE,TRUE,TRUE,FALSE,FALSE
173,"V",503,"I",489,"E","gtt","V","V",TRUE,NA,NA,"G",79,87,0.478787878787879,0.527272727272727,FALSE,TRUE,FALSE,FALSE,TRUE,FALSE,TRUE,TRUE,FALSE,FALSE,FALSE,FALSE
174,"G",504,"G",490,"E","ggt","G","G",TRUE,NA,NA,"G",16,16,0.164948453608247,0.164948453608247,FALSE,FALSE,FALSE,FALSE,FALSE,FALSE,TRUE,TRUE,FALSE,FALSE,FALSE,FALSE
175,"Y",505,"Y",491,"E","tac","H","Y",TRUE,NA,NA,"G",31,127,0.12156862745098,0.498039215686275,TRUE,TRUE,FALSE,FALSE,FALSE,FALSE,TRUE,TRUE,TRUE,TRUE,FALSE,FALSE
176,"Q",506,"Q",492,"E","caa","Q","Q",TRUE,NA,NA,"S",25,25,0.116822429906542,0.116822429906542,FALSE,FALSE,FALSE,FALSE,FALSE,FALSE,TRUE,TRUE,TRUE,FALSE,FALSE,FALSE
177,"P",507,"P",493,"E","cca","P","P",TRUE,NA,NA,"E",0,0,0,0,FALSE,FALSE,FALSE,FALSE,FALSE,FALSE,FALSE,FALSE,FALSE,FALSE,FALSE,FALSE
178,"Y",508,"Y",494,"E","tac","Y","Y",TRUE,NA,NA,"E",28,28,0.109803921568627,0.109803921568627,FALSE,FALSE,FALSE,FALSE,TRUE,FALSE,TRUE,TRUE,FALSE,FALSE,FALSE,FALSE
179,"R",509,"R",495,"E","aga","R","R",FALSE,NA,NA,"E",7,7,0.0264150943396226,0.0264150943396226,FALSE,FALSE,FALSE,FALSE,FALSE,FALSE,FALSE,FALSE,FALSE,FALSE,FALSE,FALSE
180,"V",510,"V",496,"E","gta","V","V",FALSE,NA,NA,"E",0,0,0,0,FALSE,FALSE,FALSE,FALSE,FALSE,FALSE,FALSE,FALSE,FALSE,FALSE,FALSE,FALSE
181,"V",511,"V",497,"E","gta","V","V",FALSE,NA,NA,"E",0,0,0,0,FALSE,FALSE,FALSE,FALSE,FALSE,FALSE,FALSE,FALSE,FALSE,FALSE,FALSE,FALSE
182,"V",512,"V",498,"E","gta","V","V",FALSE,NA,NA,"E",0,0,0,0,FALSE,FALSE,FALSE,FALSE,FALSE,FALSE,FALSE,FALSE,FALSE,FALSE,FALSE,FALSE
183,"L",513,"L",499,"E","ctt","L","L",FALSE,NA,NA,"E",2,2,0.0104712041884817,0.0104712041884817,FALSE,FALSE,FALSE,FALSE,FALSE,FALSE,FALSE,FALSE,FALSE,FALSE,FALSE,FALSE
184,"S",514,"S",500,"E","tct","S","S",FALSE,NA,NA,"E",11,11,0.0769230769230769,0.0769230769230769,FALSE,FALSE,FALSE,FALSE,FALSE,FALSE,FALSE,FALSE,FALSE,FALSE,FALSE,FALSE
185,"F",515,"F",501,"E","ttt","F","F",FALSE,NA,NA,"E",18,18,0.0789473684210526,0.0789473684210526,FALSE,FALSE,FALSE,TRUE,FALSE,FALSE,FALSE,FALSE,FALSE,FALSE,FALSE,FALSE
186,"E",516,"E",502,"E","gaa","E","E",FALSE,NA,NA,"E",71,71,0.331775700934579,0.331775700934579,FALSE,FALSE,FALSE,TRUE,FALSE,FALSE,FALSE,FALSE,FALSE,FALSE,FALSE,FALSE
187,"L",517,"L",503,"E","ctt","L","L",FALSE,NA,NA," ",110,110,0.575916230366492,0.575916230366492,FALSE,FALSE,FALSE,TRUE,FALSE,FALSE,FALSE,FALSE,FALSE,FALSE,FALSE,TRUE
188,"L",518,"L",504,"E","cta","L","L",FALSE,NA,NA," ",134,134,0.701570680628272,0.701570680628272,FALSE,FALSE,FALSE,FALSE,FALSE,FALSE,FALSE,FALSE,FALSE,FALSE,FALSE,FALSE
189,"H",519,"N",505,"E","cat","N","N",FALSE,NA,NA,"S",183,183,0.847222222222222,0.847222222222222,FALSE,FALSE,FALSE,FALSE,FALSE,FALSE,FALSE,FALSE,FALSE,FALSE,FALSE,TRUE
190,"A",520,"A",506,"E","gca","A","A",FALSE,NA,NA,"S",50,50,0.413223140495868,0.413223140495868,FALSE,FALSE,FALSE,FALSE,FALSE,FALSE,FALSE,FALSE,FALSE,FALSE,FALSE,TRUE
191,"P",521,"P",507,"E","cca","P","P",FALSE,NA,NA," ",110,110,0.714285714285714,0.714285714285714,FALSE,FALSE,FALSE,FALSE,FALSE,FALSE,FALSE,FALSE,FALSE,FALSE,FALSE,TRUE
192,"A",522,"A",508,"E","gca","A","A",FALSE,NA,NA," ",44,44,0.363636363636364,0.363636363636364,FALSE,FALSE,FALSE,FALSE,FALSE,FALSE,FALSE,FALSE,FALSE,FALSE,FALSE,FALSE
193,"T",523,"T",509,"E","act","T","T",FALSE,NA,NA," ",37,37,0.226993865030675,0.226993865030675,FALSE,FALSE,FALSE,FALSE,FALSE,FALSE,FALSE,FALSE,FALSE,FALSE,FALSE,FALSE
194,"V",524,"V",510,"E","gtt","V","V",FALSE,NA,NA,"E",1,1,0.00606060606060606,0.00606060606060606,FALSE,FALSE,FALSE,FALSE,FALSE,FALSE,FALSE,FALSE,FALSE,FALSE,FALSE,FALSE
195,"C",525,"C",511,"E","tgt","C","C",FALSE,3,NA,"E",41,41,0.277027027027027,0.277027027027027,FALSE,FALSE,FALSE,FALSE,FALSE,FALSE,FALSE,FALSE,FALSE,FALSE,FALSE,TRUE
196,"G",526,"G",512,"E","gga","G","G",FALSE,NA,NA," ",54,54,0.556701030927835,0.556701030927835,FALSE,FALSE,FALSE,FALSE,FALSE,FALSE,FALSE,FALSE,FALSE,FALSE,FALSE,FALSE
197,"P",527,"P",513,NA,"cct","P","P",FALSE,NA,NA,NA,NA,NA,NA,NA,FALSE,FALSE,FALSE,FALSE,FALSE,FALSE,FALSE,FALSE,FALSE,FALSE,FALSE,FALSE
198,"K",528,"K",514,NA,"aaa","K","K",FALSE,NA,NA,NA,NA,NA,NA,NA,FALSE,FALSE,FALSE,FALSE,FALSE,FALSE,FALSE,FALSE,FALSE,FALSE,FALSE,TRUE
199,"K",529,"L",515,NA,"aag","K","K",FALSE,NA,NA,NA,NA,NA,NA,NA,FALSE,FALSE,FALSE,FALSE,FALSE,FALSE,FALSE,FALSE,FALSE,FALSE,FALSE,TRUE
200,"S",530,"S",516,NA,"tct","S","S",FALSE,NA,NA,NA,NA,NA,NA,NA,FALSE,FALSE,FALSE,FALSE,FALSE,FALSE,FALSE,FALSE,FALSE,FALSE,FALSE,TRUE
201,"T",531,"T",517,NA,"act","T","T",FALSE,NA,NA,NA,NA,NA,NA,NA,FALSE,FALSE,FALSE,FALSE,FALSE,FALSE,FALSE,FALSE,FALSE,FALSE,FALSE,TRUE
